policy,seed,first_boundary_crossed,second_boundary_crossed,time_to_first_boundary_h,time_to_second_boundary_h,post_first_n_plus_one_reserve_h,first_boundary_total_damage_pct,first_boundary_damage_range_pct,final_elapsed_h,final_total_damage_pct,final_damage_range_pct,start_count,assignment_change_count,crossing_order,stack_0_crossing_h,stack_1_crossing_h,stack_2_crossing_h,stack_0_final_damage_pct,stack_1_final_damage_pct,stack_2_final_damage_pct
fixed_pair,0,True,True,1056.0,1452.0,396.0,23.76664560894436,2.5968525224344887,1452.0,27.565218607112378,0.6698560938046629,3,1,"(np.int64(1), np.int64(2), np.int64(0))",,1056.0,1452.0,8.770681559662538,9.440537653467201,9.353999393982638
periodic_rotation,0,True,True,601.0,1208.0,607.0,18.52118605540454,6.002275612101826,1208.0,25.39687176220483,2.756534411385549,28,26,"(np.int64(2), np.int64(1), np.int64(0))",,1208.0,601.0,6.642517495296469,9.399051906682018,9.355302360226343
health_greedy,0,True,True,1388.0,1423.0,35.0,27.090675038441073,0.8373358543709841,1423.0,27.381847476072437,0.685480374247037,24,22,"(np.int64(2), np.int64(1), np.int64(0))",,1423.0,1388.0,8.670559466662825,9.355248168499752,9.356039840909862
expected_max,0,True,True,1420.0,1422.0,2.0,27.326146420617903,0.7219379278871507,1422.0,27.376127015026327,0.6878442904141888,25,23,"(np.int64(1), np.int64(2), np.int64(0))",,1420.0,1422.0,8.667309440835249,9.353663842941643,9.355153731249437
expected_total,0,True,True,1056.0,1452.0,396.0,23.76664560894436,2.5968525224344887,1452.0,27.565218607112378,0.6698560938046629,3,1,"(np.int64(1), np.int64(2), np.int64(0))",,1056.0,1452.0,8.770681559662538,9.440537653467201,9.353999393982638
expected_n_plus_one,0,True,True,361.0,1431.0,1070.0,16.07004837669436,6.377647385937081,1431.0,27.40384953048448,0.6563020079672555,3,1,"(np.int64(2), np.int64(1), np.int64(0))",,1431.0,361.0,8.697152673656307,9.353454681623562,9.35324217520461
fixed_pair,1,True,True,1268.0,1574.0,306.0,24.415707402813606,1.8727833084633332,1574.0,27.850701584874535,0.21718158059147896,3,1,"(np.int64(1), np.int64(2), np.int64(0))",,1268.0,1574.0,9.13915693568764,9.355206132907778,9.356338516279118
periodic_rotation,1,True,True,566.0,1446.0,880.0,17.614526194448946,6.705542340486139,1446.0,26.089193301620764,1.9722080848524106,26,24,"(np.int64(2), np.int64(1), np.int64(0))",,1446.0,566.0,7.381916805015195,9.354124889867606,9.353151606737963
health_greedy,1,True,True,1486.0,1594.0,108.0,26.767643698848765,0.8148488055992313,1594.0,28.056949229669204,0.009297895431974013,27,25,"(np.int64(1), np.int64(0), np.int64(2))",1594.0,1486.0,,9.354333690386422,9.355956717357378,9.346658821925404
expected_max,1,True,True,1484.0,1594.0,110.0,26.752287806240805,0.8223020170891644,1594.0,28.031583510049153,0.03443513472158877,24,22,"(np.int64(2), np.int64(0), np.int64(1))",1594.0,,1484.0,9.354333690386422,9.32140734247057,9.355842477192159
expected_total,1,True,True,1268.0,1574.0,306.0,24.415707402813606,1.8727833084633332,1574.0,27.85069565484271,0.21705705055156344,3,1,"(np.int64(1), np.int64(2), np.int64(0))",,1268.0,1574.0,9.139216235691684,9.355206132907778,9.356273286243248
expected_n_plus_one,1,True,True,392.0,1604.0,1212.0,16.001905278033824,6.602269888932703,1604.0,28.082005754192192,0.1346022132171356,3,1,"(np.int64(2), np.int64(0), np.int64(1))",1604.0,,392.0,9.35364421266502,9.296879664155018,9.431481877372153
fixed_pair,2,True,True,1140.0,1484.0,344.0,24.27360821879142,1.9416042151083905,1484.0,28.06255589514631,0.02980523204555041,3,1,"(np.int64(1), np.int64(0), np.int64(2))",1484.0,1140.0,,9.359571517736493,9.366394804727683,9.336589572682133
periodic_rotation,2,True,True,569.0,1257.0,688.0,18.08570386929685,6.237619232929266,1257.0,25.68777637158125,2.5088235180015124,26,24,"(np.int64(2), np.int64(1), np.int64(0))",,1257.0,569.0,6.9108570270576495,9.419680545059162,9.357238799464438
health_greedy,2,True,True,1462.0,1473.0,11.0,27.941670218005452,0.08216432798001527,1473.0,28.021689836101537,0.04379525319282429,26,24,"(np.int64(2), np.int64(1), np.int64(0))",,1473.0,1462.0,9.31189375097931,9.35410708095009,9.355689004172135
expected_max,2,True,True,1469.0,1476.0,7.0,27.985173984948787,0.05592506250341067,1476.0,28.040656412212144,0.03072104802391884,27,25,"(np.int64(1), np.int64(2), np.int64(0))",,1469.0,1476.0,9.32693708001826,9.356061204151706,9.357658128042178
expected_total,2,True,True,1140.0,1484.0,344.0,24.27360821879142,1.9416042151083905,1484.0,28.06254403514631,0.0299356920455498,3,1,"(np.int64(1), np.int64(0), np.int64(2))",1484.0,1140.0,,9.359690117736491,9.366394804727683,9.336459112682133
expected_n_plus_one,2,True,True,354.0,1484.0,1130.0,15.653156773541422,6.808003128190509,1484.0,28.070118445768372,0.009342261477828018,3,1,"(np.int64(2), np.int64(0), np.int64(1))",1484.0,,354.0,9.359512217736492,9.350631983277026,9.359974244754854
fixed_pair,3,True,True,906.0,1342.0,436.0,22.17714328631923,4.012630186494599,1342.0,26.16185662496339,1.9010748521262402,3,1,"(np.int64(1), np.int64(2), np.int64(0))",,906.0,1342.0,7.453553224326231,9.35367532418469,9.354628076452471
periodic_rotation,3,True,True,459.0,1110.0,651.0,17.80726597983133,6.745832346506143,1110.0,24.158460317567908,3.904239848350418,22,20,"(np.int64(2), np.int64(1), np.int64(0))",,1110.0,459.0,5.450195471802534,9.354435320152952,9.35382952561242
health_greedy,3,True,True,1313.0,1330.0,17.0,25.920883558410267,2.0746093525275313,1330.0,26.11874604002303,1.9465063048241644,27,25,"(np.int64(1), np.int64(2), np.int64(0))",,1313.0,1330.0,7.409489421139113,9.353260892920641,9.355995725963277
expected_max,3,True,True,1317.0,1333.0,16.0,25.93570920727243,2.0637784325541872,1333.0,26.13106616825405,1.934283423280922,27,25,"(np.int64(1), np.int64(2), np.int64(0))",,1317.0,1333.0,7.4210280529797,9.355311476260622,9.354726639013727
expected_total,3,True,True,906.0,1342.0,436.0,22.17714328631923,4.012630186494599,1342.0,26.16185662496339,1.9010748521262402,3,1,"(np.int64(1), np.int64(2), np.int64(0))",,906.0,1342.0,7.453553224326231,9.35367532418469,9.354628076452471
expected_n_plus_one,3,True,True,289.0,1409.0,1120.0,15.852852392491037,7.231286955612012,1409.0,26.86408330535879,1.8433224364250531,3,1,"(np.int64(2), np.int64(1), np.int64(0))",,1409.0,289.0,7.82814153151536,9.364477805903018,9.671463967940413
fixed_pair,4,True,True,1056.0,1319.0,263.0,24.11612008489328,2.0808578815059366,1319.0,27.665014164307046,0.4672207989549424,3,1,"(np.int64(1), np.int64(2), np.int64(0))",,1056.0,1319.0,8.92025789718736,9.357277570977384,9.387478696142303
periodic_rotation,4,True,True,542.0,1238.0,696.0,18.249709511642152,6.457393556636161,1238.0,26.840555123869546,1.53005650618777,25,23,"(np.int64(2), np.int64(1), np.int64(0))",,1238.0,542.0,7.976943856184099,9.356610905313579,9.507000362371869
health_greedy,4,True,True,1319.0,1359.0,40.0,27.720368009863613,0.6079371533001492,1359.0,28.037186495886687,0.4514678263945928,26,24,"(np.int64(2), np.int64(1), np.int64(0))",,1359.0,1319.0,9.1047321693703,9.376254330751493,9.556199995764892
expected_max,4,True,True,1319.0,1356.0,37.0,27.715523058081846,0.5925871732889441,1356.0,27.9886609511566,0.44616442389521715,24,22,"(np.int64(2), np.int64(1), np.int64(0))",,1356.0,1319.0,9.09468559185847,9.353125343544443,9.540850015753687
expected_total,4,True,True,1056.0,1319.0,263.0,24.11612008489328,2.0808578815059366,1319.0,27.665014164284884,0.46722079892716195,3,1,"(np.int64(1), np.int64(2), np.int64(0))",,1056.0,1319.0,8.920257897190169,9.357277570977384,9.38747869611733
expected_n_plus_one,4,True,True,301.0,1319.0,1018.0,15.463087027930095,6.990236099297601,1319.0,27.660596140049712,0.41647327563672043,3,1,"(np.int64(2), np.int64(1), np.int64(0))",,1319.0,301.0,8.944033503455127,9.360506779091848,9.356055857502737
fixed_pair,5,True,True,1095.0,1501.0,406.0,23.293385371871288,2.8971401180818175,1501.0,27.408088186495398,0.6533308938225275,3,1,"(np.int64(1), np.int64(2), np.int64(0))",,1095.0,1501.0,8.700720438931803,9.35405133275433,9.353316414809264
periodic_rotation,5,True,True,552.0,1186.0,634.0,17.978134717362117,6.732696909649582,1186.0,24.22284377759138,3.8458304387655495,25,23,"(np.int64(2), np.int64(1), np.int64(0))",,1186.0,552.0,5.510524108245846,9.356354547011396,9.355965122334137
health_greedy,5,True,True,1491.0,1493.0,2.0,27.38669972463964,0.7012413522787426,1493.0,27.406032243385813,0.692784400623589,26,24,"(np.int64(2), np.int64(1), np.int64(0))",,1493.0,1491.0,8.678335798514587,9.35657624573305,9.371120199138176
expected_max,5,True,True,1490.0,1491.0,1.0,27.364659808167843,0.6878121129185946,1491.0,27.396213212217365,0.7030226845480474,27,25,"(np.int64(1), np.int64(2), np.int64(0))",,1490.0,1491.0,8.669878846859433,9.353432833950452,9.37290153140748
expected_total,5,True,True,1095.0,1501.0,406.0,23.293385371871288,2.8971401180818175,1501.0,27.408088186495398,0.6533308938225275,3,1,"(np.int64(1), np.int64(2), np.int64(0))",,1095.0,1501.0,8.700720438931803,9.35405133275433,9.353316414809264
expected_n_plus_one,5,True,True,381.0,1502.0,1121.0,16.233896598039074,6.217263696247195,1502.0,27.41438920573543,0.6504999199960704,3,1,"(np.int64(2), np.int64(1), np.int64(0))",,1502.0,381.0,8.704474521035953,9.354940243667452,9.354974441032024
fixed_pair,6,True,True,1078.0,1393.0,315.0,23.64722992356773,2.541691606828241,1393.0,27.21756677977225,0.846108545430889,3,1,"(np.int64(1), np.int64(2), np.int64(0))",,1078.0,1393.0,8.5091044406828,9.353249352975762,9.355212986113688
periodic_rotation,6,True,True,481.0,1148.0,667.0,17.850296594394386,6.536842278968457,1148.0,24.781740669491995,3.277866625331596,23,21,"(np.int64(2), np.int64(1), np.int64(0))",,1148.0,481.0,6.075387361680416,9.353253987012012,9.353099320799569
health_greedy,6,True,True,1376.0,1389.0,13.0,27.12754353857261,0.9103888983865467,1389.0,27.252934853197917,0.887672958543158,27,25,"(np.int64(1), np.int64(2), np.int64(0))",,1376.0,1389.0,8.498772154351268,9.367717585952223,9.386445112894426
expected_max,6,True,True,1376.0,1389.0,13.0,27.134778833646934,0.923570667327013,1389.0,27.25566550320088,0.8821272005414205,28,26,"(np.int64(2), np.int64(1), np.int64(0))",,1389.0,1376.0,8.498772154351268,9.375993993956921,9.380899354892689
expected_total,6,True,True,1078.0,1393.0,315.0,23.64722992356773,2.541691606828241,1393.0,27.21756677977225,0.846108545430889,3,1,"(np.int64(1), np.int64(2), np.int64(0))",,1078.0,1393.0,8.5091044406828,9.353249352975762,9.355212986113688
expected_n_plus_one,6,True,True,333.0,1401.0,1068.0,16.24451074031593,6.26272596731776,1401.0,27.286941510177826,0.832813722678166,3,1,"(np.int64(2), np.int64(1), np.int64(0))",,1401.0,333.0,8.55019892502757,9.353729937444522,9.383012647705735
fixed_pair,7,True,True,1135.0,1412.0,277.0,23.432276572900438,2.7588717280164383,1412.0,26.86697273618143,1.2262682252017694,3,1,"(np.int64(1), np.int64(2), np.int64(0))",,1135.0,1412.0,8.143170886371724,9.354362738236215,9.369439111573493
periodic_rotation,7,True,True,572.0,1212.0,640.0,18.099532620148103,6.673492286353596,1212.0,24.84307282234372,3.2838905338283206,26,24,"(np.int64(2), np.int64(1), np.int64(0))",,1212.0,572.0,6.1018641208730235,9.385754654701344,9.355454046769355
health_greedy,7,True,True,1382.0,1431.0,49.0,26.65609914642145,1.505001938514205,1431.0,27.127748333054576,1.3143875166094219,25,23,"(np.int64(1), np.int64(2), np.int64(0))",,1382.0,1431.0,8.222158343407179,9.5365458600166,9.3690441296308
expected_max,7,True,True,1382.0,1433.0,51.0,26.65495117548371,1.5251760945181623,1433.0,27.141352704761395,1.3275872209582182,25,23,"(np.int64(1), np.int64(2), np.int64(0))",,1382.0,1433.0,8.22913279506234,9.556720016020558,9.3554998936785
expected_total,7,True,True,1135.0,1412.0,277.0,23.432276572900438,2.7588717280164383,1412.0,26.86697273618143,1.2262682252017694,3,1,"(np.int64(1), np.int64(2), np.int64(0))",,1135.0,1412.0,8.143170886371724,9.354362738236215,9.369439111573493
expected_n_plus_one,7,True,True,353.0,1421.0,1068.0,16.0366046561784,6.534757764250464,1421.0,26.955351025612167,1.2280006902521396,3,1,"(np.int64(2), np.int64(1), np.int64(0))",,1421.0,353.0,8.187074813851181,9.353200707657667,9.41507550410332
fixed_pair,8,True,True,1114.0,1395.0,281.0,22.756745177793036,3.438032981536124,1395.0,25.91058846413035,2.155017568304592,3,1,"(np.int64(1), np.int64(2), np.int64(0))",,1114.0,1395.0,7.201160099137766,9.356177667442358,9.353250697550225
periodic_rotation,8,True,True,486.0,1250.0,764.0,17.04192481534905,7.195213719684916,1250.0,24.54486210371499,3.824163499661225,23,21,"(np.int64(2), np.int64(1), np.int64(0))",,1250.0,486.0,5.659947437142158,9.484110936803383,9.400803729769452
health_greedy,8,True,True,1379.0,1385.0,6.0,25.83625260958025,2.2085078218603513,1385.0,25.87303337827247,2.1920912665461394,21,19,"(np.int64(1), np.int64(2), np.int64(0))",,1379.0,1385.0,7.16393396319048,9.35602522973662,9.35307418534537
expected_max,8,True,True,1376.0,1385.0,9.0,25.81284750071075,2.217377379204045,1385.0,25.872398959527864,2.1905723235493184,21,19,"(np.int64(1), np.int64(2), np.int64(0))",,1376.0,1385.0,7.16393396319048,9.353958709597586,9.354506286739799
expected_total,8,True,True,1114.0,1395.0,281.0,22.756745177793036,3.438032981536124,1395.0,25.91058846413035,2.155017568304592,3,1,"(np.int64(1), np.int64(2), np.int64(0))",,1114.0,1395.0,7.201160099137766,9.356177667442358,9.353250697550225
expected_n_plus_one,8,True,True,399.0,1390.0,991.0,15.665994988761073,6.781539749489781,1390.0,25.89390622894425,2.1716796436998074,3,1,"(np.int64(2), np.int64(1), np.int64(0))",,1390.0,399.0,7.184532461115063,9.35621210481487,9.353161663014316
fixed_pair,9,True,True,964.0,1288.0,324.0,23.052404389975635,3.1375012813075998,1288.0,26.1479032499668,1.9582331649331142,3,1,"(np.int64(1), np.int64(2), np.int64(0))",,964.0,1288.0,7.417964330807145,9.353741423419395,9.376197495740259
periodic_rotation,9,True,True,385.0,1219.0,834.0,17.10099790808851,6.700457476404091,1219.0,25.484340655356863,2.7456791497785726,19,17,"(np.int64(2), np.int64(1), np.int64(0))",,1219.0,385.0,6.692082386729391,9.35449673211951,9.437761536507963
health_greedy,9,True,True,1280.0,1288.0,8.0,26.037661075819596,1.9761766580777715,1288.0,26.214898558512033,2.0137348146334304,29,27,"(np.int64(1), np.int64(2), np.int64(0))",,1280.0,1288.0,7.417964330807145,9.365235082264313,9.431699145440575
expected_max,9,True,True,1280.0,1288.0,8.0,26.02972455595017,1.9850252544666693,1288.0,26.20110898081727,1.9910966405497703,28,26,"(np.int64(2), np.int64(1), np.int64(0))",,1288.0,1280.0,7.417964330807145,9.409060971356915,9.37408367865321
expected_total,9,True,True,964.0,1288.0,324.0,23.052404389975635,3.1375012813075998,1288.0,26.1479032499668,1.9582331649331142,3,1,"(np.int64(1), np.int64(2), np.int64(0))",,964.0,1288.0,7.417964330807145,9.353741423419395,9.376197495740259
expected_n_plus_one,9,True,True,277.0,1288.0,1011.0,15.630313229262097,6.817232697158956,1288.0,26.14414103312358,1.955045114409879,3,1,"(np.int64(2), np.int64(1), np.int64(0))",,1288.0,277.0,7.417964330807145,9.373009445217024,9.353167257099415
fixed_pair,10,True,True,929.0,1243.0,314.0,23.555522953377785,2.634994661816224,1243.0,26.896729331394614,1.1661514037534353,3,1,"(np.int64(1), np.int64(2), np.int64(0))",,929.0,1243.0,8.188265266133198,9.354047395374781,9.354416669886634
periodic_rotation,10,True,True,463.0,1120.0,657.0,18.087495416059312,6.756392392676743,1120.0,25.697247594456435,2.8189793902913864,22,20,"(np.int64(2), np.int64(1), np.int64(0))",,1120.0,463.0,6.761399170482195,9.355469863200659,9.580378560773582
health_greedy,10,True,True,1223.0,1232.0,9.0,26.783873529438555,1.2364544570036617,1232.0,26.859822376925173,1.1998141812808534,24,22,"(np.int64(2), np.int64(1), np.int64(0))",,1232.0,1223.0,8.153463336952843,9.353081521738636,9.353277518233696
expected_max,10,True,True,1223.0,1233.0,10.0,26.786496731977376,1.2408454468218064,1233.0,26.869472827410526,1.2007772452714214,20,18,"(np.int64(2), np.int64(1), np.int64(0))",,1233.0,1223.0,8.15689126278042,9.354913056578267,9.357668508051841
expected_total,10,True,True,929.0,1243.0,314.0,23.555522953377785,2.634994661816224,1243.0,26.896729331394614,1.1661514037534353,3,1,"(np.int64(1), np.int64(2), np.int64(0))",,929.0,1243.0,8.188265266133198,9.354047395374781,9.354416669886634
expected_n_plus_one,10,True,True,281.0,1262.0,981.0,15.93756422474835,6.6836396702172305,1262.0,27.055712966091495,1.1819095054905961,3,1,"(np.int64(2), np.int64(1), np.int64(0))",,1262.0,281.0,8.258086735881083,9.357629988838733,9.439996241371679
fixed_pair,11,True,True,1015.0,1384.0,369.0,22.966311664215347,3.224222158218315,1384.0,26.294670345263764,1.7829908810593134,3,1,"(np.int64(1), np.int64(2), np.int64(0))",,1015.0,1384.0,7.578811982604921,9.354055498994608,9.361802863664234
periodic_rotation,11,True,True,533.0,1216.0,683.0,17.95765438584594,6.677903154184788,1216.0,24.95487205107456,3.1120449674000694,25,23,"(np.int64(2), np.int64(1), np.int64(0))",,1216.0,533.0,6.24407198938903,9.35468310489643,9.3561169567891
health_greedy,11,True,True,1366.0,1374.0,8.0,26.196309578882275,1.8410433544575993,1374.0,26.26042864702687,1.809403024511366,26,24,"(np.int64(2), np.int64(1), np.int64(0))",,1374.0,1366.0,7.547808913210715,9.355407796094076,9.35721193772208
expected_max,11,True,True,1365.0,1373.0,8.0,26.186018741749248,1.8442298065269274,1373.0,26.252368987701537,1.8122929765806948,27,25,"(np.int64(1), np.int64(2), np.int64(0))",,1365.0,1373.0,7.543313587383139,9.355606563963834,9.353448836354563
expected_total,11,True,True,1015.0,1384.0,369.0,22.966311664215347,3.224222158218315,1384.0,26.294670345263764,1.7829908810593134,3,1,"(np.int64(1), np.int64(2), np.int64(0))",,1015.0,1384.0,7.578811982604921,9.354055498994608,9.361802863664234
expected_n_plus_one,11,True,True,293.0,1385.0,1092.0,15.296497603432456,7.157076952486937,1385.0,26.50588497184458,1.985342166613794,3,1,"(np.int64(2), np.int64(1), np.int64(0))",,1385.0,293.0,7.582180616691101,9.567522783304895,9.356181571848586
fixed_pair,12,True,True,1012.0,1297.0,285.0,23.17979274548564,3.01668918569755,1297.0,26.53839750064278,1.656042596848998,3,1,"(np.int64(1), np.int64(2), np.int64(0))",,1012.0,1297.0,7.762662675212205,9.357029553369372,9.418705272061203
periodic_rotation,12,True,True,386.0,1234.0,848.0,16.699224666185522,7.009478346039359,1234.0,25.732712772332082,2.348495668741509,19,17,"(np.int64(2), np.int64(1), np.int64(0))",,1234.0,386.0,7.014483607561041,9.36297927630255,9.35524988846849
health_greedy,12,True,True,1297.0,1307.0,10.0,26.593947226311542,1.7482652719402054,1307.0,26.661050776567343,1.7172413502851294,27,25,"(np.int64(1), np.int64(2), np.int64(0))",,1297.0,1307.0,7.793686596867281,9.51092794715241,9.356436232547651
expected_max,12,True,True,1297.0,1309.0,12.0,26.590024155615257,1.7518523164816706,1309.0,26.676969342755502,1.7142097431714438,26,24,"(np.int64(2), np.int64(1), np.int64(0))",,1309.0,1297.0,7.800305248522432,9.362149102539195,9.514514991693876
expected_total,12,True,True,1012.0,1297.0,285.0,23.17979274548564,3.01668918569755,1297.0,26.53839750064278,1.656042596848998,3,1,"(np.int64(1), np.int64(2), np.int64(0))",,1012.0,1297.0,7.762662675212205,9.357029553369372,9.418705272061203
expected_n_plus_one,12,True,True,267.0,1297.0,1030.0,15.134954785036943,7.317872736736372,1297.0,26.53557929607653,1.6544458908765751,3,1,"(np.int64(2), np.int64(1), np.int64(0))",,1297.0,267.0,7.762662675212205,9.41710856608878,9.355808054775546
fixed_pair,13,True,True,1084.0,1423.0,339.0,24.14846074786774,2.044053233937248,1423.0,27.69360095712917,0.38837324865799694,3,1,"(np.int64(1), np.int64(2), np.int64(0))",,1084.0,1423.0,8.97509106489545,9.355045578680272,9.363464313553447
periodic_rotation,13,True,True,605.0,1173.0,568.0,19.121691097235523,5.6765768851796174,1173.0,25.25888161748453,2.815538735893777,28,26,"(np.int64(2), np.int64(1), np.int64(0))",,1173.0,605.0,6.543574952377651,9.359113688271428,9.35619297683545
health_greedy,13,True,True,1417.0,1423.0,6.0,27.644624671794347,0.44592090969434217,1423.0,27.748196645718934,0.41442532605233673,29,27,"(np.int64(1), np.int64(2), np.int64(0))",,1417.0,1423.0,8.97509106489545,9.389516390947787,9.383589189875696
expected_max,13,True,True,1417.0,1423.0,6.0,27.644624671794347,0.44592090969434217,1423.0,27.748196645718934,0.41442532605233673,29,27,"(np.int64(1), np.int64(2), np.int64(0))",,1417.0,1423.0,8.97509106489545,9.389516390947787,9.383589189875696
expected_total,13,True,True,1084.0,1423.0,339.0,24.14846074786774,2.044053233937248,1423.0,27.69360095712917,0.38837324865799694,3,1,"(np.int64(1), np.int64(2), np.int64(0))",,1084.0,1423.0,8.97509106489545,9.355045578680272,9.363464313553447
expected_n_plus_one,13,True,True,403.0,1458.0,1055.0,16.423021797117958,6.025008734412432,1458.0,27.96703191469519,0.10088853129387232,3,1,"(np.int64(2), np.int64(0), np.int64(1))",1458.0,,403.0,9.35725544316749,9.256366911873618,9.353409559654084
fixed_pair,14,True,True,1206.0,1546.0,340.0,24.06998395569588,2.1206963169551623,1546.0,27.99378476479567,0.07243917120772636,3,1,"(np.int64(1), np.int64(2), np.int64(0))",,1206.0,1546.0,9.283608434742323,9.354128724103298,9.35604760595005
periodic_rotation,14,True,True,494.0,1327.0,833.0,17.424699375623355,6.864952349766259,1327.0,25.87072626764629,2.1922136980715905,23,21,"(np.int64(2), np.int64(1), np.int64(0))",,1327.0,494.0,7.162501215839658,9.354714913911248,9.353510137895386
health_greedy,14,True,True,1535.0,1543.0,8.0,27.950228196011032,0.0877037097040958,1543.0,28.014460955138325,0.055009268221676066,30,28,"(np.int64(2), np.int64(0), np.int64(1))",1543.0,,1535.0,9.356955379609742,9.301946111388066,9.35555946414052
expected_max,14,True,True,1539.0,1546.0,7.0,27.972460577972424,0.05905796510406702,1546.0,28.053974673294654,0.010386635204847394,29,27,"(np.int64(0), np.int64(2), np.int64(1))",1539.0,,1546.0,9.35504482135521,9.344658186150363,9.35427166578908
expected_total,14,True,True,1206.0,1528.0,322.0,24.06998395569588,2.1206963169551623,1528.0,27.835277657784914,0.2261043530587319,3,1,"(np.int64(1), np.int64(2), np.int64(0))",,1206.0,1528.0,9.128024371044566,9.354128724103298,9.353124562637051
expected_n_plus_one,14,True,True,342.0,1550.0,1208.0,15.823285020814787,6.6245433557124915,1550.0,28.02826528429845,0.03501533348977226,3,1,"(np.int64(2), np.int64(1), np.int64(0))",,1550.0,342.0,9.319970734328074,9.354986067817846,9.353308482152528
fixed_pair,15,True,True,1157.0,1478.0,321.0,23.87017073888584,2.318821836813229,1478.0,27.919944309295722,0.14283872470448244,3,1,"(np.int64(1), np.int64(2), np.int64(0))",,1157.0,1478.0,9.211910354481965,9.353284875627311,9.354749079186448
periodic_rotation,15,True,True,551.0,1308.0,757.0,18.382113328688305,6.256067723244997,1308.0,26.09357181356757,1.969522833251582,25,23,"(np.int64(2), np.int64(1), np.int64(0))",,1308.0,551.0,7.385352439699681,9.353344100916626,9.354875272951263
health_greedy,15,True,True,1458.0,1483.0,25.0,27.83802049001052,0.13381966361782105,1483.0,28.20837550427173,0.23090582774256418,30,28,"(np.int64(2), np.int64(0), np.int64(1))",1483.0,,1458.0,9.54212637204965,9.311220544307085,9.355028587914994
expected_max,15,True,True,1483.0,1484.0,1.0,28.20913146356408,0.2024203230515873,1484.0,28.22133250780199,0.1974505972240106,29,27,"(np.int64(1), np.int64(2), np.int64(0))",,1483.0,1484.0,9.33392668450866,9.53137728173267,9.356028541560661
expected_total,15,True,True,1157.0,1483.0,326.0,23.87017073888584,2.318821836813229,1483.0,28.157212927811315,0.3125910862428416,3,1,"(np.int64(1), np.int64(2), np.int64(0))",,1157.0,1483.0,9.245668482970581,9.353284875627311,9.558259569213423
expected_n_plus_one,15,True,True,377.0,1483.0,1106.0,15.856841866375929,6.843262035822388,1483.0,28.162756147381785,0.3033206025800492,3,1,"(np.int64(2), np.int64(1), np.int64(0))",,1483.0,377.0,9.189994649906843,9.493315252486893,9.479446244988047
fixed_pair,16,True,True,877.0,1166.0,289.0,22.621910346091642,3.6822454477578326,1166.0,25.951466038276383,2.226400671889494,3,1,"(np.int64(1), np.int64(2), np.int64(0))",,877.0,1166.0,7.184465812813021,9.410866484702515,9.356133740760848
periodic_rotation,16,True,True,499.0,980.0,481.0,18.748182364436037,6.796299880021925,980.0,23.737836445042902,4.33683977129923,23,21,"(np.int64(2), np.int64(1), np.int64(0))",,980.0,499.0,5.022230781034967,9.356535111673736,9.359070552334197
health_greedy,16,True,True,1166.0,1199.0,33.0,26.008010541184547,2.4599478248889044,1199.0,26.338254178810043,2.3040037075348048,26,24,"(np.int64(2), np.int64(1), np.int64(0))",,1199.0,1166.0,7.34040993016712,9.353430610940999,9.644413637701925
expected_max,16,True,True,1166.0,1194.0,28.0,25.99797764657332,2.430373079303201,1194.0,26.29750218782293,2.2894935271421257,24,22,"(np.int64(2), np.int64(1), np.int64(0))",,1194.0,1166.0,7.325345364974096,9.35731793073261,9.614838892116222
expected_total,16,True,True,877.0,1166.0,289.0,22.621910346091642,3.6822454477578326,1166.0,25.951466038276383,2.226400671889494,3,1,"(np.int64(1), np.int64(2), np.int64(0))",,877.0,1166.0,7.184465812813021,9.410866484702515,9.356133740760848
expected_n_plus_one,16,True,True,175.0,1166.0,991.0,14.98484279104714,7.469084716685491,1166.0,25.931855509774905,2.2065658363936604,3,1,"(np.int64(2), np.int64(1), np.int64(0))",,1166.0,175.0,7.184465812813021,9.391031649206681,9.356358047755204
fixed_pair,17,True,True,1097.0,1429.0,332.0,24.03486180016653,2.1549550901549397,1429.0,27.946468126803346,0.11807238829218569,3,1,"(np.int64(1), np.int64(2), np.int64(0))",,1097.0,1429.0,9.237349352786323,9.353697032938513,9.355421741078509
periodic_rotation,17,True,True,533.0,1202.0,669.0,18.518706554001536,6.314934199615008,1202.0,25.276229727510565,2.806290061708723,25,23,"(np.int64(2), np.int64(1), np.int64(0))",,1202.0,533.0,6.558353634124923,9.353232397551997,9.364643695833646
health_greedy,17,True,True,1438.0,1439.0,1.0,28.050364001837394,0.011470826830134229,1439.0,28.061099762366684,0.009496792176706847,29,27,"(np.int64(0), np.int64(2), np.int64(1))",1438.0,,1439.0,9.355366893204112,9.348118038492933,9.35761483066964
expected_max,17,True,True,1438.0,1439.0,1.0,28.048099030131965,0.013266041923316152,1439.0,28.058736790661257,0.010274718074882117,28,26,"(np.int64(0), np.int64(1), np.int64(2))",1438.0,1439.0,,9.355426193204112,9.356792657766013,9.34651793969113
expected_total,17,True,True,1097.0,1429.0,332.0,24.03486180016653,2.1549550901549397,1429.0,27.946456266803345,0.11782332829218589,3,1,"(np.int64(1), np.int64(2), np.int64(0))",,1097.0,1429.0,9.237467952786323,9.353697032938513,9.35529128107851
expected_n_plus_one,17,True,True,294.0,1441.0,1147.0,15.97693124198246,6.694405419601972,1441.0,28.29101299147976,0.2745458340865312,3,1,"(np.int64(2), np.int64(1), np.int64(0))",,1441.0,294.0,9.275702266356062,9.550248100442593,9.465062624681105
fixed_pair,18,True,True,1079.0,1430.0,351.0,23.287942390774386,3.102423596853651,1430.0,27.157642458280893,1.160006032613584,3,1,"(np.int64(1), np.int64(2), np.int64(0))",,1079.0,1430.0,8.293965548978212,9.453971581591796,9.409705327710885
periodic_rotation,18,True,True,616.0,1198.0,582.0,18.53926411639533,6.2360417848812055,1198.0,24.535305544068944,3.5320964745299896,28,26,"(np.int64(2), np.int64(1), np.int64(0))",,1198.0,616.0,5.823779528700772,9.355876003230762,9.35565001213741
health_greedy,18,True,True,1385.0,1398.0,13.0,26.795892001163892,1.2263781709062709,1398.0,26.8954584346653,1.1808777128968693,22,20,"(np.int64(2), np.int64(1), np.int64(0))",,1398.0,1385.0,8.180266326195454,9.354048069377525,9.361144039092324
expected_max,18,True,True,1385.0,1397.0,12.0,26.793037934496034,1.2211711622123325,1397.0,26.88815558636762,1.1792765300305081,21,19,"(np.int64(1), np.int64(2), np.int64(0))",,1385.0,1397.0,8.176660500367877,9.355937030398385,9.355558055601358
expected_total,18,True,True,1079.0,1430.0,351.0,23.287942390774386,3.102423596853651,1430.0,27.157642458280893,1.160006032613584,3,1,"(np.int64(1), np.int64(2), np.int64(0))",,1079.0,1430.0,8.293965548978212,9.453971581591796,9.409705327710885
expected_n_plus_one,18,True,True,388.0,1405.0,1017.0,15.795859219094929,6.656915076348556,1405.0,26.915861659286733,1.1510452346221278,3,1,"(np.int64(2), np.int64(1), np.int64(0))",,1405.0,388.0,8.204736206988503,9.355344010687599,9.355781441610631
fixed_pair,19,True,True,1059.0,1394.0,335.0,23.92142127327308,2.2704696623158265,1394.0,27.713131443197852,0.3745610508869479,3,1,"(np.int64(1), np.int64(2), np.int64(0))",,1059.0,1394.0,8.991918168369338,9.35473405557223,9.366479219256286
periodic_rotation,19,True,True,486.0,1245.0,759.0,17.423047680211294,6.604172042012719,1245.0,26.582346046920446,1.6479037780951957,23,21,"(np.int64(2), np.int64(1), np.int64(0))",,1245.0,486.0,7.790029890830902,9.437933668926098,9.354382487163445
health_greedy,19,True,True,1362.0,1388.0,26.0,27.49667888513455,0.4804798978768119,1388.0,27.682940302383173,0.3920224198333422,23,21,"(np.int64(1), np.int64(2), np.int64(0))",,1362.0,1388.0,8.967067184771508,9.35908960460485,9.356783513006812
expected_max,19,True,True,1362.0,1390.0,28.0,27.504105184939128,0.4985602341951427,1390.0,27.706918445712176,0.40115757944791497,23,21,"(np.int64(1), np.int64(2), np.int64(0))",,1362.0,1390.0,8.976012361475266,9.377169940923181,9.353736143313728
expected_total,19,True,True,1059.0,1394.0,335.0,23.92142127327308,2.2704696623158265,1394.0,27.713131443197852,0.3745610508869479,3,1,"(np.int64(1), np.int64(2), np.int64(0))",,1059.0,1394.0,8.991918168369338,9.35473405557223,9.366479219256286
expected_n_plus_one,19,True,True,346.0,1411.0,1065.0,16.028759672126352,6.561093670867576,1411.0,27.83038707735021,0.3731170481677655,3,1,"(np.int64(2), np.int64(1), np.int64(0))",,1411.0,346.0,9.051203917218087,9.35486219474627,9.424320965385853
