strategy,n_steps,dt_s,switch_penalty_g_per_change,hysteresis_start_multiplier,hysteresis_stop_multiplier,total_hydrogen_g,hydrogen_g_per_net_kwh,energy_weighted_efficiency_lhv_pct,total_stack_state_changes,total_stack_starts,total_stack_stops,mode_change_events,one_stack_share,two_stack_share,power_balance_mae_kw,power_balance_max_abs_kw,total_evaluated_objective_g,runtime_s,seed,failed_stack,fault_step,fault_demand_net_power_kw,faulted_stack_active_before_fault,faulted_stack_post_fault_max_kw,reconfiguration_delay_steps,fault_step_state_changes,reserve_stack_1_post_fault_share,healthy_post_fault_hydrogen_g,faulted_post_fault_hydrogen_g,incremental_post_fault_hydrogen_g,incremental_post_fault_hydrogen_pct
average,900,1.0,0.1191379965684705,1.0,2.0,951.5144235153705,65.0980319067471,46.08434252355736,2,2,0,1,0.0,1.0,0.0,0.0,951.7526995085075,0.06456249998882413,3026,stack_1,308,104.36533502451285,False,0.0,0,0,0.0,595.3668128246104,595.3668128246104,0.0,0.0
daisy_chain,900,1.0,0.1191379965684705,1.0,2.0,1111.912473012548,76.07169356220658,39.43648234341975,24,13,11,24,0.6266666666666667,0.37333333333333335,0.0,0.0,1114.7717849301912,0.06068850005976856,3026,stack_1,308,104.36533502451285,False,0.0,0,0,0.0,691.2108053789598,691.2108053789598,0.0,0.0
instantaneous,900,1.0,0.1191379965684705,1.0,2.0,946.0582475295361,64.72474663682713,46.35012349809735,28,15,13,28,0.33,0.67,0.0,0.0,949.3941114334532,0.017969700042158365,3026,stack_1,308,104.36533502451285,False,0.0,0,0,0.0,591.4594370373995,591.4594370373995,0.0,0.0
sticky,900,1.0,0.1191379965684705,1.0,2.0,951.904570463525,65.1247238809848,46.0654544268395,2,2,0,2,0.034444444444444444,0.9655555555555555,0.0,0.0,952.142846456662,0.017299799947068095,3026,stack_1,308,104.36533502451285,False,0.0,0,0,0.0,594.6581044840832,594.6581044840832,0.0,0.0
one_step_greedy,900,1.0,0.1191379965684705,1.0,2.0,951.904570463525,65.1247238809848,46.0654544268395,2,2,0,2,0.034444444444444444,0.9655555555555555,0.0,0.0,952.142846456662,0.019196700071915984,3026,stack_1,308,104.36533502451285,False,0.0,0,0,0.0,594.6581044840832,594.6581044840832,0.0,0.0
break_even_hysteresis,900,1.0,0.1191379965684705,1.0,2.0,949.5764740290577,64.96544674106188,46.178394061651815,26,14,12,26,0.11333333333333333,0.8866666666666667,0.0,0.0,952.674061939838,0.02089660009369254,3026,stack_1,308,104.36533502451285,False,0.0,0,0,0.0,594.3468428895351,594.3468428895351,0.0,0.0
offline_dp,900,1.0,0.1191379965684705,1.0,2.0,946.198039225526,64.73431051106903,46.343275711371405,26,14,12,26,0.3188888888888889,0.6811111111111111,0.0,0.0,949.2956271363063,0.023747900035232306,3026,stack_1,308,104.36533502451285,False,0.0,0,0,0.0,591.5992287333893,591.5992287333893,0.0,0.0
average,900,1.0,0.1191379965684705,1.0,2.0,964.7903960551329,66.00630997655671,45.45020015609886,4,3,1,2,0.0,1.0,0.0,0.0,965.2669480414067,0.06600100011564791,3026,stack_2,308,104.36533502451285,True,0.0,0,2,1.0,595.3668128246104,608.6427853643702,13.275972539759778,2.229881184806781
daisy_chain,900,1.0,0.1191379965684705,1.0,2.0,1113.8931898292715,76.20720466256061,39.36635667564208,26,14,12,25,0.6266666666666667,0.37333333333333335,0.0,0.0,1116.9907777400517,0.06298460019752383,3026,stack_2,308,104.36533502451285,True,0.0,0,2,0.33783783783783783,691.2108053789598,693.191522195677,1.9807168167171767,0.28655755976372266
instantaneous,900,1.0,0.1191379965684705,1.0,2.0,953.914480177973,65.26223221873278,45.96839393947179,30,16,14,29,0.33,0.67,0.0,0.0,957.4886200750271,0.01816760003566742,3026,stack_2,308,104.36533502451285,True,0.0,0,2,0.6266891891891891,591.4594370373995,599.3156696858374,7.856232648437867,1.3282791948995731
sticky,900,1.0,0.1191379965684705,1.0,2.0,960.3885949052458,65.70515995232077,45.65851452423173,4,3,1,3,0.034444444444444444,0.9655555555555555,0.0,0.0,960.8651468915197,0.01756870001554489,3026,stack_2,308,104.36533502451285,True,0.0,0,2,1.0,594.6581044840832,603.1421289258055,8.48402444172234,1.42670626663417
one_step_greedy,900,1.0,0.1191379965684705,1.0,2.0,960.3885949052458,65.70515995232077,45.65851452423173,4,3,1,3,0.034444444444444444,0.9655555555555555,0.0,0.0,960.8651468915197,0.01879590004682541,3026,stack_2,308,104.36533502451285,True,0.0,0,2,1.0,594.6581044840832,603.1421289258055,8.48402444172234,1.42670626663417
break_even_hysteresis,900,1.0,0.1191379965684705,1.0,2.0,957.4044573719016,65.50099964160044,45.80082771888979,28,15,13,27,0.14444444444444443,0.8555555555555555,0.0,0.0,960.7403212758187,0.020901000127196312,3026,stack_2,308,104.36533502451285,True,0.0,0,2,0.8581081081081081,594.3468428895351,602.1748262323806,7.827983342845528,1.3170732605877422
offline_dp,900,1.0,0.1191379965684705,1.0,2.0,954.082623819512,65.27373579647298,45.96029265666911,28,15,13,27,0.3188888888888889,0.6811111111111111,0.0,0.0,957.4184877234292,0.04233339987695217,3026,stack_2,308,104.36533502451285,True,0.0,0,2,0.643581081081081,591.5992287333893,599.4838133273762,7.884584593986915,1.3327577540741098
average,900,1.0,0.1191379965684705,1.0,2.0,972.175380595717,66.51155503367067,45.10494452401977,4,3,1,2,0.0,1.0,0.0,0.0,972.6519325819909,0.1938586002215743,3026,stack_3,308,104.36533502451285,True,0.0,0,2,1.0,595.3668128246104,616.0277699049554,20.660957080345042,3.4702903546677044
daisy_chain,900,1.0,0.1191379965684705,1.0,2.0,1114.328315553396,76.23697386791626,39.35098480164793,26,14,12,25,0.6266666666666667,0.37333333333333335,0.0,0.0,1117.4259034641761,0.18580359988845885,3026,stack_3,308,104.36533502451285,True,0.0,0,2,0.33783783783783783,691.2108053789598,693.6266479198057,2.415842540845915,0.34950879269333157
instantaneous,900,1.0,0.1191379965684705,1.0,2.0,963.9368106200482,65.94791177415954,45.490447222553236,30,16,14,29,0.33,0.67,0.0,0.0,967.5109505171023,0.05013780016452074,3026,stack_3,308,104.36533502451285,True,0.0,0,2,0.6266891891891891,591.4594370373995,609.3380001279107,17.878563090511193,3.022787696154494
sticky,900,1.0,0.1191379965684705,1.0,2.0,970.0641051924898,66.3671117439353,45.20311222183238,4,3,1,3,0.034444444444444444,0.9655555555555555,0.0,0.0,970.5406571787637,0.04780700011178851,3026,stack_3,308,104.36533502451285,True,0.0,0,2,1.0,594.6581044840832,612.8176392130524,18.15953472896922,3.053777387718304
one_step_greedy,900,1.0,0.1191379965684705,1.0,2.0,970.0641051924898,66.3671117439353,45.20311222183238,4,3,1,3,0.034444444444444444,0.9655555555555555,0.0,0.0,970.5406571787637,0.05359689984470606,3026,stack_3,308,104.36533502451285,True,0.0,0,2,1.0,594.6581044840832,612.8176392130524,18.15953472896922,3.053777387718304
break_even_hysteresis,900,1.0,0.1191379965684705,1.0,2.0,967.340404754824,66.18076928436382,45.33038875854821,28,15,13,27,0.12666666666666668,0.8733333333333333,0.0,0.0,970.6762686587412,0.05318499985150993,3026,stack_3,308,104.36533502451285,True,0.0,0,2,0.8851351351351351,594.3468428895351,612.1107736153048,17.763930725769683,2.9888155272108197
offline_dp,900,1.0,0.1191379965684705,1.0,2.0,964.0894659242269,65.95835571448937,45.48324420011245,28,15,13,27,0.3188888888888889,0.6811111111111111,0.0,0.0,967.4253298281441,0.0576112000271678,3026,stack_3,308,104.36533502451285,True,0.0,0,2,0.643581081081081,591.5992287333893,609.4906554320892,17.891426698699888,3.0242478065776623
average,900,1.0,0.1191379965684705,1.0,2.0,1187.5587794472594,66.3109465205993,45.24139915674494,2,2,0,1,0.0,1.0,0.0,0.0,1187.7970554403964,0.19024739996530116,3027,stack_1,326,100.33255251569426,False,0.0,0,0,0.0,766.2802406675464,766.2802406675464,0.0,0.0
daisy_chain,900,1.0,0.1191379965684705,1.0,2.0,1407.1204217110642,78.57083678464724,38.18210576301536,23,12,11,23,0.4444444444444444,0.5555555555555556,0.0,0.0,1409.860595632139,0.1935728001408279,3027,stack_1,326,100.33255251569426,False,0.0,0,0,0.0,905.7438904114864,905.7438904114864,0.0,0.0
instantaneous,900,1.0,0.1191379965684705,1.0,2.0,1183.0919373374456,66.06152684269696,45.412211061114064,18,10,8,18,0.1922222222222222,0.8077777777777778,0.0,0.0,1185.2364212756781,0.047775099985301495,3027,stack_1,326,100.33255251569426,False,0.0,0,0,0.0,764.0734957428125,764.0734957428125,0.0,0.0
sticky,900,1.0,0.1191379965684705,1.0,2.0,1186.165776924507,66.23316399952503,45.2945294901134,2,2,0,2,0.02666666666666667,0.9733333333333334,0.0,0.0,1186.404052917644,0.046761600067839026,3027,stack_1,326,100.33255251569426,False,0.0,0,0,0.0,765.0671465007024,765.0671465007024,0.0,0.0
one_step_greedy,900,1.0,0.1191379965684705,1.0,2.0,1186.165776924507,66.23316399952503,45.2945294901134,2,2,0,2,0.02666666666666667,0.9733333333333334,0.0,0.0,1186.404052917644,0.05027189990505576,3027,stack_1,326,100.33255251569426,False,0.0,0,0,0.0,765.0671465007024,765.0671465007024,0.0,0.0
break_even_hysteresis,900,1.0,0.1191379965684705,1.0,2.0,1184.9669057927213,66.1662213934993,45.34035549889735,12,7,5,12,0.06333333333333334,0.9366666666666666,0.0,0.0,1186.396561751543,0.05138850002549589,3027,stack_1,326,100.33255251569426,False,0.0,0,0,0.0,764.9670897857061,764.9670897857061,0.0,0.0
offline_dp,900,1.0,0.1191379965684705,1.0,2.0,1183.6513641405718,66.0927641350873,45.39074797761969,12,7,5,12,0.15,0.85,0.0,0.0,1185.0810200993935,0.053060000063851476,3027,stack_1,326,100.33255251569426,False,0.0,0,0,0.0,764.5002268896698,764.5002268896698,0.0,0.0
average,900,1.0,0.1191379965684705,1.0,2.0,1208.8835070292307,67.5016773667075,44.443340032904544,4,3,1,2,0.0,1.0,0.0,0.0,1209.3600590155047,0.19257139996625483,3027,stack_2,326,100.33255251569426,True,0.0,0,2,1.0,766.2802406675464,787.6049682495188,21.32472758197241,2.7828888767111204
daisy_chain,900,1.0,0.1191379965684705,1.0,2.0,1410.6612570712155,78.76855006694433,38.086266631166104,25,13,12,24,0.4444444444444444,0.5555555555555556,0.0,0.0,1413.6397069854272,0.19569480000063777,3027,stack_2,326,100.33255251569426,True,0.0,0,2,0.5313588850174216,905.7438904114864,909.2847257716476,3.540835360161168,0.3909311890089029
instantaneous,900,1.0,0.1191379965684705,1.0,2.0,1196.2764212763545,66.79772249423483,44.91171087844968,20,11,9,19,0.1922222222222222,0.8077777777777778,0.0,0.0,1198.659181207724,0.04831870016641915,3027,stack_2,326,100.33255251569426,True,0.0,0,2,0.8797909407665505,764.0734957428125,777.2579796817281,13.184483938915605,1.725551797356606
sticky,900,1.0,0.1191379965684705,1.0,2.0,1199.5462150000878,66.98030134464659,44.789287891726715,4,3,1,3,0.02666666666666667,0.9733333333333334,0.0,0.0,1200.0227669863618,0.06165829999372363,3027,stack_2,326,100.33255251569426,True,0.0,0,2,1.0,765.0671465007024,778.44758457629,13.380438075587563,1.748923364019439
one_step_greedy,900,1.0,0.1191379965684705,1.0,2.0,1199.5462150000878,66.98030134464659,44.789287891726715,4,3,1,3,0.02666666666666667,0.9733333333333334,0.0,0.0,1200.0227669863618,0.05058220005594194,3027,stack_2,326,100.33255251569426,True,0.0,0,2,1.0,765.0671465007024,778.44758457629,13.380438075587563,1.748923364019439
break_even_hysteresis,900,1.0,0.1191379965684705,1.0,2.0,1198.2600358140814,66.90848362859309,44.83736347475599,18,10,8,17,0.07444444444444444,0.9255555555555556,0.0,0.0,1200.404519752314,0.0523475999943912,3027,stack_2,326,100.33255251569426,True,0.0,0,2,0.9703832752613241,764.9670897857061,778.2602198070731,13.293130021367006,1.7377388124096838
offline_dp,900,1.0,0.1191379965684705,1.0,2.0,1196.4523308177684,66.80754493704359,44.90510769145991,16,9,7,16,0.18222222222222223,0.8177777777777778,0.0,0.0,1198.3585387628639,0.05726370005868375,3027,stack_2,326,100.33255251569426,True,0.0,0,0,0.8797909407665505,764.5002268896698,777.2579796817281,12.75775279205834,1.6687703081479377
average,900,1.0,0.1191379965684705,1.0,2.0,1220.127544756677,68.12952231832102,44.03377416890018,4,3,1,2,0.0,1.0,0.0,0.0,1220.604096742951,0.18376170005649328,3027,stack_3,326,100.33255251569426,True,0.0,0,2,1.0,766.2802406675464,798.8490059769669,32.56876530942043,4.250242089114553
daisy_chain,900,1.0,0.1191379965684705,1.0,2.0,1410.63646864047,78.76716592972608,38.08693590266453,25,13,12,24,0.4444444444444444,0.5555555555555556,0.0,0.0,1413.6149185546817,0.2070478000678122,3027,stack_3,326,100.33255251569426,True,0.0,0,2,0.5313588850174216,905.7438904114864,909.2599373408927,3.5160469294063432,0.38819438548010066
instantaneous,900,1.0,0.1191379965684705,1.0,2.0,1212.0147980631102,67.67652249932877,44.328518801032615,20,11,9,19,0.1922222222222222,0.8077777777777778,0.0,0.0,1214.3975579944797,0.049917199881747365,3027,stack_3,326,100.33255251569426,True,0.0,0,2,0.8797909407665505,764.0734957428125,792.9963564684788,28.922860725666283,3.785350609177751
sticky,900,1.0,0.1191379965684705,1.0,2.0,1215.1756292030589,67.85301709337264,44.21321451147404,4,3,1,3,0.02666666666666667,0.9733333333333334,0.0,0.0,1215.6521811893329,0.050098299980163574,3027,stack_3,326,100.33255251569426,True,0.0,0,2,1.0,765.0671465007024,794.0769987792556,29.00985227855324,3.7918047339033922
one_step_greedy,900,1.0,0.1191379965684705,1.0,2.0,1215.1756292030589,67.85301709337264,44.21321451147404,4,3,1,3,0.02666666666666667,0.9733333333333334,0.0,0.0,1215.6521811893329,0.05158099997788668,3027,stack_3,326,100.33255251569426,True,0.0,0,2,1.0,765.0671465007024,794.0769987792556,29.00985227855324,3.7918047339033922
break_even_hysteresis,900,1.0,0.1191379965684705,1.0,2.0,1213.9060134544563,67.78212424708634,44.2594568010895,16,9,7,15,0.06777777777777778,0.9322222222222222,0.0,0.0,1215.8122213995518,0.05538240005262196,3027,stack_3,326,100.33255251569426,True,0.0,0,2,0.980836236933798,764.9670897857061,793.9061974474433,28.93910766173724,3.7830526369237782
offline_dp,900,1.0,0.1191379965684705,1.0,2.0,1212.3680324239783,67.69624641128844,44.315603287270974,16,9,7,15,0.16666666666666666,0.8333333333333334,0.0,0.0,1214.2742403690738,0.059819500194862485,3027,stack_3,326,100.33255251569426,True,0.0,0,2,0.9041811846689896,764.5002268896698,793.2168951730794,28.716668283409604,3.756266809787867
average,900,1.0,0.1191379965684705,1.0,2.0,983.0885937483541,64.55713591573151,46.470463062611685,2,2,0,1,0.0,1.0,0.0,0.0,983.3268697414911,0.19618299999274313,3028,stack_1,505,85.7629886690305,False,0.0,0,0,0.0,494.83289977948897,494.83289977948897,0.0,0.0
daisy_chain,900,1.0,0.1191379965684705,1.0,2.0,1164.4378298932338,76.46591744413959,39.23316557591275,29,15,14,29,0.6088888888888889,0.39111111111111113,0.0,0.0,1167.8928317937196,0.19060770003125072,3028,stack_1,505,85.7629886690305,False,0.0,0,0,0.0,591.4316715248734,591.4316715248734,0.0,0.0
instantaneous,900,1.0,0.1191379965684705,1.0,2.0,979.1139396063187,64.29612964498732,46.659107112116764,24,13,11,24,0.22333333333333333,0.7766666666666666,0.0,0.0,981.973251523962,0.04927929979749024,3028,stack_1,505,85.7629886690305,False,0.0,0,0,0.0,493.0066405526719,493.0066405526719,0.0,0.0
sticky,900,1.0,0.1191379965684705,1.0,2.0,982.7565197570439,64.53532939094073,46.48616545871591,2,2,0,2,0.025555555555555557,0.9744444444444444,0.0,0.0,982.9947957501809,0.04746449994854629,3028,stack_1,505,85.7629886690305,False,0.0,0,0,0.0,494.0922629011181,494.0922629011181,0.0,0.0
one_step_greedy,900,1.0,0.1191379965684705,1.0,2.0,982.7565197570439,64.53532939094073,46.48616545871591,2,2,0,2,0.025555555555555557,0.9744444444444444,0.0,0.0,982.9947957501809,0.05704029998742044,3028,stack_1,505,85.7629886690305,False,0.0,0,0,0.0,494.0922629011181,494.0922629011181,0.0,0.0
break_even_hysteresis,900,1.0,0.1191379965684705,1.0,2.0,981.8964370321814,64.47884976365098,46.52688456752231,14,8,6,14,0.04666666666666667,0.9533333333333334,0.0,0.0,983.5643689841401,0.054421599954366684,3028,stack_1,505,85.7629886690305,False,0.0,0,0,0.0,493.99795150658736,493.99795150658736,0.0,0.0
offline_dp,900,1.0,0.1191379965684705,1.0,2.0,980.0890729042434,64.3601643751738,46.612683934617536,14,8,6,14,0.14777777777777779,0.8522222222222222,0.0,0.0,981.757004856202,0.06238780007697642,3028,stack_1,505,85.7629886690305,False,0.0,0,0,0.0,493.22485320846175,493.22485320846175,0.0,0.0
average,900,1.0,0.1191379965684705,1.0,2.0,995.5837858179132,65.37766604684823,45.88723001904469,4,3,1,2,0.0,1.0,0.0,0.0,996.060337804187,0.19705570000223815,3028,stack_2,505,85.7629886690305,True,0.0,0,2,1.0,494.83289977948897,507.328091849045,12.495192069556026,2.525133651203104
daisy_chain,900,1.0,0.1191379965684705,1.0,2.0,1166.4527353868862,76.59823159022801,39.16539504526551,31,16,15,30,0.6088888888888889,0.39111111111111113,0.0,0.0,1170.1460132805087,0.18408210016787052,3028,stack_2,505,85.7629886690305,True,0.0,0,2,0.529113924050633,591.4316715248734,593.4465770185211,2.0149054936476887,0.340682717997276
instantaneous,900,1.0,0.1191379965684705,1.0,2.0,986.9598139194485,64.81134991875658,46.288188778055236,26,14,12,25,0.22333333333333333,0.7766666666666666,0.0,0.0,990.0574018302287,0.049873000010848045,3028,stack_2,505,85.7629886690305,True,0.0,0,2,0.8050632911392405,493.0066405526719,500.85251486580484,7.845874313132924,1.5914337998241823
sticky,900,1.0,0.1191379965684705,1.0,2.0,990.8210151007384,65.0649059980801,46.10780502915832,4,3,1,3,0.025555555555555557,0.9744444444444444,0.0,0.0,991.2975670870122,0.04742600000463426,3028,stack_2,505,85.7629886690305,True,0.0,0,2,1.0,494.0922629011181,502.15675824481616,8.06449534369807,1.6321840978335667
one_step_greedy,900,1.0,0.1191379965684705,1.0,2.0,990.8210151007384,65.0649059980801,46.10780502915832,4,3,1,3,0.025555555555555557,0.9744444444444444,0.0,0.0,991.2975670870122,0.05446949996985495,3028,stack_2,505,85.7629886690305,True,0.0,0,2,1.0,494.0922629011181,502.15675824481616,8.06449534369807,1.6321840978335667
break_even_hysteresis,900,1.0,0.1191379965684705,1.0,2.0,989.7354942163081,64.99362237245249,46.15837509114652,18,10,8,17,0.058888888888888886,0.9411111111111111,0.0,0.0,991.8799781545406,0.05414260015822947,3028,stack_2,505,85.7629886690305,True,0.0,0,2,0.9392405063291139,493.99795150658736,501.83700869071663,7.839057184129274,1.5868602613071214
offline_dp,900,1.0,0.1191379965684705,1.0,2.0,987.6508448572391,64.8567283093275,46.25580226143706,18,10,8,18,0.18,0.82,0.0,0.0,989.7953287954716,0.061512199928984046,3028,stack_2,505,85.7629886690305,True,0.0,0,0,0.8050632911392405,493.22485320846175,500.85251486580484,7.627661657343083,1.5464876937414385
average,900,1.0,0.1191379965684705,1.0,2.0,1002.4169225999067,65.82638220810892,45.57443230763528,4,3,1,2,0.0,1.0,0.0,0.0,1002.8934745861806,0.1969980001449585,3028,stack_3,505,85.7629886690305,True,0.0,0,2,1.0,494.83289977948897,514.1612286310469,19.328328851557956,3.906031482581529
daisy_chain,900,1.0,0.1191379965684705,1.0,2.0,1163.6171524495903,76.4120254697955,39.26083599479829,31,16,15,30,0.6088888888888889,0.39111111111111113,0.0,0.0,1167.3104303432128,0.18517789989709854,3028,stack_3,505,85.7629886690305,True,0.0,0,2,0.529113924050633,591.4316715248734,590.6109940812352,-0.8206774436382602,-0.13876115925992583
instantaneous,900,1.0,0.1191379965684705,1.0,2.0,996.4187016402957,65.43249302232786,45.84878034490133,26,14,12,25,0.22333333333333333,0.7766666666666666,0.0,0.0,999.5162895510759,0.05494519998319447,3028,stack_3,505,85.7629886690305,True,0.0,0,2,0.8050632911392405,493.0066405526719,510.3114025866523,17.30476203398041,3.5100464396547126
sticky,900,1.0,0.1191379965684705,1.0,2.0,1000.1612627609118,65.67825828547197,45.67721614907076,4,3,1,3,0.025555555555555557,0.9744444444444444,0.0,0.0,1000.6378147471856,0.057764200028032064,3028,stack_3,505,85.7629886690305,True,0.0,0,2,1.0,494.0922629011181,511.4970059049865,17.40474300386842,3.5225694289715337
one_step_greedy,900,1.0,0.1191379965684705,1.0,2.0,1000.1612627609118,65.67825828547197,45.67721614907076,4,3,1,3,0.025555555555555557,0.9744444444444444,0.0,0.0,1000.6378147471856,0.04988679988309741,3028,stack_3,505,85.7629886690305,True,0.0,0,2,1.0,494.0922629011181,511.4970059049865,17.40474300386842,3.5225694289715337
break_even_hysteresis,900,1.0,0.1191379965684705,1.0,2.0,999.2177874049178,65.61630245852274,45.72034521293479,18,10,8,17,0.05333333333333334,0.9466666666666667,0.0,0.0,1001.3622713431503,0.055133899906650186,3028,stack_3,505,85.7629886690305,True,0.0,0,2,0.9518987341772152,493.99795150658736,511.31930187932414,17.321350372736788,3.506360769292738
offline_dp,900,1.0,0.1191379965684705,1.0,2.0,997.1756222824313,65.48219823616363,45.81397816213201,18,10,8,17,0.16555555555555557,0.8344444444444444,0.0,0.0,999.3201062206638,0.06153740012086928,3028,stack_3,505,85.7629886690305,True,0.0,0,2,0.8050632911392405,493.22485320846175,510.3114025866523,17.08654937819057,3.464251500515725
average,900,1.0,0.1191379965684705,1.0,2.0,1065.8288688673429,65.03617950852113,46.12817085307022,2,2,0,1,0.0,1.0,0.0,0.0,1066.0671448604799,0.19449620018713176,3029,stack_1,355,101.84375266119592,False,0.0,0,0,0.0,651.6977909478214,651.6977909478214,0.0,0.0
daisy_chain,900,1.0,0.1191379965684705,1.0,2.0,1271.2677194569183,77.57192361832985,38.67378634002454,24,13,11,24,0.5377777777777778,0.4622222222222222,0.0,0.0,1274.1270313745615,0.20323790004476905,3029,stack_1,355,101.84375266119592,False,0.0,0,0,0.0,782.536848881037,782.536848881037,0.0,0.0
instantaneous,900,1.0,0.1191379965684705,1.0,2.0,1062.1083415535215,64.80915536860908,46.28975617622477,22,12,10,22,0.18333333333333332,0.8166666666666667,0.0,0.0,1064.7293774780278,0.05201449990272522,3029,stack_1,355,101.84375266119592,False,0.0,0,0,0.0,649.5913691830744,649.5913691830744,0.0,0.0
sticky,900,1.0,0.1191379965684705,1.0,2.0,1065.9328410176588,65.04252382103634,46.12367146536996,2,2,0,2,0.03666666666666667,0.9633333333333334,0.0,0.0,1066.1711170107958,0.05009170016273856,3029,stack_1,355,101.84375266119592,False,0.0,0,0,0.0,650.9041430904504,650.9041430904504,0.0,0.0
one_step_greedy,900,1.0,0.1191379965684705,1.0,2.0,1065.9328410176588,65.04252382103634,46.12367146536996,2,2,0,2,0.03666666666666667,0.9633333333333334,0.0,0.0,1066.1711170107958,0.052349100122228265,3029,stack_1,355,101.84375266119592,False,0.0,0,0,0.0,650.9041430904504,650.9041430904504,0.0,0.0
break_even_hysteresis,900,1.0,0.1191379965684705,1.0,2.0,1064.4000087433772,64.94899139959558,46.1900937235903,8,5,3,8,0.03666666666666667,0.9633333333333334,0.0,0.0,1065.353112715925,0.054984299931675196,3029,stack_1,355,101.84375266119592,False,0.0,0,0,0.0,650.9395483433921,650.9395483433921,0.0,0.0
offline_dp,900,1.0,0.1191379965684705,1.0,2.0,1063.3436904841353,64.88453555125739,46.2359786428624,8,5,3,8,0.08777777777777777,0.9122222222222223,0.0,0.0,1064.296794456683,0.061177399940788746,3029,stack_1,355,101.84375266119592,False,0.0,0,0,0.0,650.6207659021497,650.6207659021497,0.0,0.0
average,900,1.0,0.1191379965684705,1.0,2.0,1079.2378105580299,65.85438434823574,45.55505346669252,4,3,1,2,0.0,1.0,0.0,0.0,1079.7143625443039,0.2012648000381887,3029,stack_2,355,101.84375266119592,True,0.0,0,2,1.0,651.6977909478214,665.1067326385119,13.408941690690426,2.0575398408499534
daisy_chain,900,1.0,0.1191379965684705,1.0,2.0,1273.358948731376,77.69952905899653,38.61027262754854,26,14,12,25,0.5377777777777778,0.4622222222222222,0.0,0.0,1276.4565366421562,0.1988572000991553,3029,stack_2,355,101.84375266119592,True,0.0,0,2,0.48440366972477067,782.536848881037,784.6280781554972,2.0912292744601473,0.2672371630103365
instantaneous,900,1.0,0.1191379965684705,1.0,2.0,1071.314818671443,65.370928572518,45.89195940014851,24,13,11,23,0.18333333333333332,0.8166666666666667,0.0,0.0,1074.1741305890862,0.0509697999805212,3029,stack_2,355,101.84375266119592,True,0.0,0,2,0.8293577981651377,649.5913691830744,658.7978463009883,9.206477117913892,1.4172720812919648
sticky,900,1.0,0.1191379965684705,1.0,2.0,1075.4035557945779,65.62042063383358,45.717475917141854,4,3,1,3,0.03666666666666667,0.9633333333333334,0.0,0.0,1075.8801077808519,0.04701419989578426,3029,stack_2,355,101.84375266119592,True,0.0,0,2,1.0,650.9041430904504,660.3748578673603,9.470714776909972,1.4550091403541687
one_step_greedy,900,1.0,0.1191379965684705,1.0,2.0,1075.4035557945779,65.62042063383358,45.717475917141854,4,3,1,3,0.03666666666666667,0.9633333333333334,0.0,0.0,1075.8801077808519,0.0498757001478225,3029,stack_2,355,101.84375266119592,True,0.0,0,2,1.0,650.9041430904504,660.3748578673603,9.470714776909972,1.4550091403541687
break_even_hysteresis,900,1.0,0.1191379965684705,1.0,2.0,1073.752601031277,65.51968045547774,45.787769096929274,12,7,5,11,0.043333333333333335,0.9566666666666667,0.0,0.0,1075.1822569900987,0.053384399972856045,3029,stack_2,355,101.84375266119592,True,0.0,0,2,0.9798165137614679,650.9395483433921,660.292140631283,9.352592287890957,1.4367835402984586
offline_dp,900,1.0,0.1191379965684705,1.0,2.0,1072.6777380456062,65.45409302007882,45.83365014438013,10,6,4,10,0.10555555555555556,0.8944444444444445,0.0,0.0,1073.869118011291,0.06023180019110441,3029,stack_2,355,101.84375266119592,True,0.0,0,0,0.9321100917431193,650.6207659021497,659.7526802256941,9.131914323544379,1.4035694527644083
average,900,1.0,0.1191379965684705,1.0,2.0,1087.2789362828928,66.34504857339276,45.21814460172293,4,3,1,2,0.0,1.0,0.0,0.0,1087.7554882691668,0.22390430001541972,3029,stack_3,355,101.84375266119592,True,0.0,0,2,1.0,651.6977909478214,673.147858363372,21.45006741555062,3.2914132460620804
daisy_chain,900,1.0,0.1191379965684705,1.0,2.0,1270.2773948275149,77.51149465806155,38.703936922315386,26,14,12,25,0.5377777777777778,0.4622222222222222,0.0,0.0,1273.374982738295,0.19268780015408993,3029,stack_3,355,101.84375266119592,True,0.0,0,2,0.48440366972477067,782.536848881037,781.5465242516307,-0.9903246294063592,-0.1265530985310681
instantaneous,900,1.0,0.1191379965684705,1.0,2.0,1082.1968198439026,66.03494115684228,45.430494030040464,24,13,11,23,0.18333333333333332,0.8166666666666667,0.0,0.0,1085.0561317615459,0.048975100042298436,3029,stack_3,355,101.84375266119592,True,0.0,0,2,0.8293577981651377,649.5913691830744,669.6798474734508,20.088478290376315,3.0924792482448726
sticky,900,1.0,0.1191379965684705,1.0,2.0,1086.1435269829747,66.27576664155356,45.26541377069576,4,3,1,3,0.03666666666666667,0.9633333333333334,0.0,0.0,1086.6200789692487,0.04825780005194247,3029,stack_3,355,101.84375266119592,True,0.0,0,2,1.0,650.9041430904504,671.1148290557601,20.21068596530972,3.1050172563583223
one_step_greedy,900,1.0,0.1191379965684705,1.0,2.0,1086.1435269829747,66.27576664155356,45.26541377069576,4,3,1,3,0.03666666666666667,0.9633333333333334,0.0,0.0,1086.6200789692487,0.054377099964767694,3029,stack_3,355,101.84375266119592,True,0.0,0,2,1.0,650.9041430904504,671.1148290557601,20.21068596530972,3.1050172563583223
break_even_hysteresis,900,1.0,0.1191379965684705,1.0,2.0,1084.4700164800545,66.17365012673915,45.335265536270775,12,7,5,11,0.03888888888888889,0.9611111111111111,0.0,0.0,1085.8996724388762,0.05346539989113808,3029,stack_3,355,101.84375266119592,True,0.0,0,2,0.9871559633027523,650.9395483433921,671.009556080063,20.07000773667096,3.08323680559095
offline_dp,900,1.0,0.1191379965684705,1.0,2.0,1083.2713920106855,66.10051084666314,45.385428366193054,12,7,5,11,0.10555555555555556,0.8944444444444445,0.0,0.0,1084.7010479695073,0.058100299909710884,3029,stack_3,355,101.84375266119592,True,0.0,0,2,0.9321100917431193,650.6207659021497,670.548467428695,19.927701526545206,3.062875114186303
average,900,1.0,0.1191379965684705,1.0,2.0,1032.1974623556591,65.10699392286342,46.077998986626504,2,2,0,1,0.0,1.0,0.0,0.0,1032.4357383487961,0.18858399987220764,3030,stack_1,331,100.46820606777405,False,0.0,0,0,0.0,705.4735948150903,705.4735948150903,0.0,0.0
daisy_chain,900,1.0,0.1191379965684705,1.0,2.0,1225.5607620414964,77.30359741849651,38.80802576054745,29,15,14,29,0.5555555555555556,0.4444444444444444,0.0,0.0,1229.0157639419822,0.24261509999632835,3030,stack_1,331,100.46820606777405,False,0.0,0,0,0.0,841.5923678293811,841.5923678293811,0.0,0.0
instantaneous,900,1.0,0.1191379965684705,1.0,2.0,1027.8468019560619,64.83257121739526,46.27303751289565,21,11,10,21,0.24,0.76,0.0,0.0,1030.3486998839999,0.04727309988811612,3030,stack_1,331,100.46820606777405,False,0.0,0,0,0.0,702.9577166285535,702.9577166285535,0.0,0.0
sticky,900,1.0,0.1191379965684705,1.0,2.0,1032.1731753426789,65.10546199272004,46.07908320096813,2,2,0,2,0.03777777777777778,0.9622222222222222,0.0,0.0,1032.4114513358159,0.03663920005783439,3030,stack_1,331,100.46820606777405,False,0.0,0,0,0.0,704.4918786840165,704.4918786840165,0.0,0.0
one_step_greedy,900,1.0,0.1191379965684705,1.0,2.0,1032.1731753426789,65.10546199272004,46.07908320096813,2,2,0,2,0.03777777777777778,0.9622222222222222,0.0,0.0,1032.4114513358159,0.05353670008480549,3030,stack_1,331,100.46820606777405,False,0.0,0,0,0.0,704.4918786840165,704.4918786840165,0.0,0.0
break_even_hysteresis,900,1.0,0.1191379965684705,1.0,2.0,1030.185217552217,64.98006936146213,46.16800242720621,10,6,4,10,0.08777777777777777,0.9122222222222223,0.0,0.0,1031.3765975179017,0.05718250013887882,3030,stack_1,331,100.46820606777405,False,0.0,0,0,0.0,704.1319232043019,704.1319232043019,0.0,0.0
offline_dp,900,1.0,0.1191379965684705,1.0,2.0,1028.9067772792794,64.89943033054364,46.22536722927319,10,6,4,10,0.15666666666666668,0.8433333333333334,0.0,0.0,1030.098157244964,0.05945820012129843,3030,stack_1,331,100.46820606777405,False,0.0,0,0,0.0,703.2591345850274,703.2591345850274,0.0,0.0
average,900,1.0,0.1191379965684705,1.0,2.0,1048.8685457056831,66.15854090097794,45.345619161858735,4,3,1,2,0.0,1.0,0.0,0.0,1049.345097691957,0.18805949995294213,3030,stack_2,331,100.46820606777405,True,0.0,0,2,1.0,705.4735948150903,722.1446781651139,16.671083350023537,2.3631052207408576
daisy_chain,900,1.0,0.1191379965684705,1.0,2.0,1228.3191014891831,77.47758272286636,38.72087763412628,31,16,15,30,0.5555555555555556,0.4444444444444444,0.0,0.0,1232.0123793828056,0.1922308001667261,3030,stack_2,331,100.46820606777405,True,0.0,0,2,0.5096660808435852,841.5923678293811,844.3507072770667,2.7583394476855574,0.3277524313581637
instantaneous,900,1.0,0.1191379965684705,1.0,2.0,1038.7774817923141,65.52203590959427,45.786123070707305,23,12,11,22,0.24,0.76,0.0,0.0,1041.5176557133889,0.04740580008365214,3030,stack_2,331,100.46820606777405,True,0.0,0,2,0.8137082601054482,702.9577166285535,713.8883964648132,10.930679836259742,1.5549555226001655
sticky,900,1.0,0.1191379965684705,1.0,2.0,1043.4053308109128,65.81394259307147,45.583046415393035,4,3,1,3,0.03777777777777778,0.9622222222222222,0.0,0.0,1043.8818827971868,0.035652099875733256,3030,stack_2,331,100.46820606777405,True,0.0,0,2,1.0,704.4918786840165,715.724034152259,11.232155468242581,1.5943626616710116
one_step_greedy,900,1.0,0.1191379965684705,1.0,2.0,1043.4053308109128,65.81394259307147,45.583046415393035,4,3,1,3,0.03777777777777778,0.9622222222222222,0.0,0.0,1043.8818827971868,0.05237419996410608,3030,stack_2,331,100.46820606777405,True,0.0,0,2,1.0,704.4918786840165,715.724034152259,11.232155468242581,1.5943626616710116
break_even_hysteresis,900,1.0,0.1191379965684705,1.0,2.0,1041.0977862603386,65.66839167426946,45.684079105830506,14,8,6,13,0.10111111111111111,0.8988888888888888,0.0,0.0,1042.765718212297,0.05449240002781153,3030,stack_2,331,100.46820606777405,True,0.0,0,2,0.9121265377855887,704.1319232043019,715.0444919124318,10.912568708129925,1.5497903657698098
offline_dp,900,1.0,0.1191379965684705,1.0,2.0,1039.4394716673457,65.56379165143878,45.7569631718234,14,8,6,14,0.1922222222222222,0.8077777777777778,0.0,0.0,1041.1074036193043,0.06213150010444224,3030,stack_2,331,100.46820606777405,True,0.0,0,0,0.8224956063268892,703.2591345850274,713.9762975616023,10.717162976574969,1.5239280159366597
average,900,1.0,0.1191379965684705,1.0,2.0,1058.456232328623,66.76329481431296,44.934870400626636,4,3,1,2,0.0,1.0,0.0,0.0,1058.932784314897,0.19213149999268353,3030,stack_3,331,100.46820606777405,True,0.0,0,2,1.0,705.4735948150903,731.7323647880606,26.2587699729703,3.7221478119039864
daisy_chain,900,1.0,0.1191379965684705,1.0,2.0,1225.239926865592,77.28336038574875,38.818187835336566,31,16,15,30,0.5555555555555556,0.4444444444444444,0.0,0.0,1228.9332047592145,0.1826764999423176,3030,stack_3,331,100.46820606777405,True,0.0,0,2,0.5096660808435852,841.5923678293811,841.271532653476,-0.3208351759051311,-0.038122396087381105
instantaneous,900,1.0,0.1191379965684705,1.0,2.0,1052.1791624975701,66.36736170824713,45.20294197000181,23,12,11,22,0.24,0.76,0.0,0.0,1054.919336418645,0.050354299833998084,3030,stack_3,331,100.46820606777405,True,0.0,0,2,0.8137082601054482,702.9577166285535,727.2900771700592,24.33236054150575,3.461425910253313
sticky,900,1.0,0.1191379965684705,1.0,2.0,1056.6438154830107,66.6489746218532,45.0119453003011,4,3,1,3,0.03777777777777778,0.9622222222222222,0.0,0.0,1057.1203674692847,0.044791300082579255,3030,stack_3,331,100.46820606777405,True,0.0,0,2,1.0,704.4918786840165,728.9625188243488,24.470640140332307,3.4735162860987323
one_step_greedy,900,1.0,0.1191379965684705,1.0,2.0,1056.6438154830107,66.6489746218532,45.0119453003011,4,3,1,3,0.03777777777777778,0.9622222222222222,0.0,0.0,1057.1203674692847,0.050389999989420176,3030,stack_3,331,100.46820606777405,True,0.0,0,2,1.0,704.4918786840165,728.9625188243488,24.470640140332307,3.4735162860987323
break_even_hysteresis,900,1.0,0.1191379965684705,1.0,2.0,1054.5522112066826,66.51704437412992,45.1012222239806,14,8,6,13,0.09555555555555556,0.9044444444444445,0.0,0.0,1056.2201431586411,0.052748499903827906,3030,stack_3,331,100.46820606777405,True,0.0,0,2,0.9209138840070299,704.1319232043019,728.4989168587673,24.366993654465432,3.460572209761237
offline_dp,900,1.0,0.1191379965684705,1.0,2.0,1052.9557752708147,66.41634741587778,45.169602315149625,14,8,6,14,0.1922222222222222,0.8077777777777778,0.0,0.0,1054.6237072227732,0.060816500103101134,3030,stack_3,331,100.46820606777405,True,0.0,0,0,0.8224956063268892,703.2591345850274,727.3701760485014,24.111041463474066,3.4284718502378686
average,900,1.0,0.1191379965684705,1.0,2.0,1096.950401753194,65.21697853727599,46.000291140217016,2,2,0,1,0.0,1.0,0.0,0.0,1097.188677746331,0.19397379993461072,3031,stack_1,311,84.26274667692378,False,0.0,0,0,0.0,756.240783481169,756.240783481169,0.0,0.0
daisy_chain,900,1.0,0.1191379965684705,1.0,2.0,1324.1730374295141,78.72604305869997,38.10683076962372,36,19,17,36,0.4711111111111111,0.5288888888888889,0.0,0.0,1328.4620053059791,0.20744260004721582,3031,stack_1,311,84.26274667692378,False,0.0,0,0,0.0,908.701750882625,908.701750882625,0.0,0.0
instantaneous,900,1.0,0.1191379965684705,1.0,2.0,1092.9116239288473,64.97686112971931,46.170281971775076,20,11,9,20,0.20333333333333334,0.7966666666666666,0.0,0.0,1095.2943838602168,0.04947780002839863,3031,stack_1,311,84.26274667692378,False,0.0,0,0,0.0,753.6617070089753,753.6617070089753,0.0,0.0
sticky,900,1.0,0.1191379965684705,1.0,2.0,1096.1881080073283,65.17165789672218,46.032279933005825,2,2,0,2,0.027777777777777776,0.9722222222222222,0.0,0.0,1096.4263840004653,0.04567659995518625,3031,stack_1,311,84.26274667692378,False,0.0,0,0,0.0,755.1507402525549,755.1507402525549,0.0,0.0
one_step_greedy,900,1.0,0.1191379965684705,1.0,2.0,1096.1881080073283,65.17165789672218,46.032279933005825,2,2,0,2,0.027777777777777776,0.9722222222222222,0.0,0.0,1096.4263840004653,0.04976979992352426,3031,stack_1,311,84.26274667692378,False,0.0,0,0,0.0,755.1507402525549,755.1507402525549,0.0,0.0
break_even_hysteresis,900,1.0,0.1191379965684705,1.0,2.0,1095.074131350272,65.10542865644098,46.07910679508616,10,6,4,10,0.06,0.94,0.0,0.0,1096.2655113159567,0.05728349997662008,3031,stack_1,311,84.26274667692378,False,0.0,0,0,0.0,754.8409128185833,754.8409128185833,0.0,0.0
offline_dp,900,1.0,0.1191379965684705,1.0,2.0,1093.9002242964052,65.03563637502658,46.12855608424549,10,6,4,10,0.12777777777777777,0.8722222222222222,0.0,0.0,1095.09160426209,0.05744670005515218,3031,stack_1,311,84.26274667692378,False,0.0,0,0,0.0,754.0649430365216,754.0649430365216,0.0,0.0
average,900,1.0,0.1191379965684705,1.0,2.0,1113.735886094381,66.21492572820402,45.307005437327895,4,3,1,2,0.0,1.0,0.0,0.0,1114.212438080655,0.21214359998703003,3031,stack_2,311,84.26274667692378,True,0.0,0,2,1.0,756.240783481169,773.0262678223479,16.785484341178858,2.219595227846738
daisy_chain,900,1.0,0.1191379965684705,1.0,2.0,1327.0407429283846,78.89653671791388,38.02448275678015,38,20,18,37,0.4711111111111111,0.5288888888888889,0.0,0.0,1331.5679867979866,0.20096789998933673,3031,stack_2,311,84.26274667692378,True,0.0,0,2,0.5585738539898133,908.701750882625,911.5694563814959,2.8677054988709187,0.3155826976326992
instantaneous,900,1.0,0.1191379965684705,1.0,2.0,1104.8917319651569,65.68911434320054,45.669667341321386,22,12,10,21,0.20333333333333334,0.7966666666666666,0.0,0.0,1107.512767889663,0.05011820001527667,3031,stack_2,311,84.26274667692378,True,0.0,0,2,0.8251273344651953,753.6617070089753,765.6418150452918,11.980108036316437,1.589586936008902
sticky,900,1.0,0.1191379965684705,1.0,2.0,1108.4606006094475,65.90129424614335,45.52262644182517,4,3,1,3,0.027777777777777776,0.9722222222222222,0.0,0.0,1108.9371525957215,0.05003349995240569,3031,stack_2,311,84.26274667692378,True,0.0,0,2,1.0,755.1507402525549,767.4232328546811,12.272492602126249,1.6251712337621127
one_step_greedy,900,1.0,0.1191379965684705,1.0,2.0,1108.4606006094475,65.90129424614335,45.52262644182517,4,3,1,3,0.027777777777777776,0.9722222222222222,0.0,0.0,1108.9371525957215,0.059533199993893504,3031,stack_2,311,84.26274667692378,True,0.0,0,2,1.0,755.1507402525549,767.4232328546811,12.272492602126249,1.6251712337621127
break_even_hysteresis,900,1.0,0.1191379965684705,1.0,2.0,1107.0923696960754,65.8199488307364,45.578886846521776,14,8,6,13,0.07111111111111111,0.9288888888888889,0.0,0.0,1108.7603016480339,0.05330940010026097,3031,stack_2,311,84.26274667692378,True,0.0,0,2,0.9354838709677419,754.8409128185833,766.8591511643933,12.018238345810005,1.5921551338458517
offline_dp,900,1.0,0.1191379965684705,1.0,2.0,1105.5001751268142,65.72528810689262,45.644531753454274,14,8,6,14,0.16111111111111112,0.8388888888888889,0.0,0.0,1107.1681070787727,0.05707590002566576,3031,stack_2,311,84.26274667692378,True,0.0,0,0,0.8455008488964346,754.0649430365216,765.8532959393206,11.78835290279892,1.5633073797767016
average,900,1.0,0.1191379965684705,1.0,2.0,1124.0758989435762,66.82967038300643,44.8902408586893,4,3,1,2,0.0,1.0,0.0,0.0,1124.5524509298502,0.18031199998222291,3031,stack_3,311,84.26274667692378,True,0.0,0,2,1.0,756.240783481169,783.3662806715543,27.125497190385204,3.5868863175455346
daisy_chain,900,1.0,0.1191379965684705,1.0,2.0,1321.6439235946002,78.57567968545511,38.17975246296612,38,20,18,37,0.4711111111111111,0.5288888888888889,0.0,0.0,1326.1711674642022,0.19391129980795085,3031,stack_3,311,84.26274667692378,True,0.0,0,2,0.5585738539898133,908.701750882625,906.1726370477097,-2.529113834915279,-0.2783216641168318
instantaneous,900,1.0,0.1191379965684705,1.0,2.0,1119.2698923316382,66.54393893192183,45.08299400594778,22,12,10,21,0.20333333333333334,0.7966666666666666,0.0,0.0,1121.8909282561444,0.04894650005735457,3031,stack_3,311,84.26274667692378,True,0.0,0,2,0.8251273344651953,753.6617070089753,780.0199754117752,26.358268402799922,3.497360706756192
sticky,900,1.0,0.1191379965684705,1.0,2.0,1122.6753710442003,66.74640481529391,44.94624104926453,4,3,1,3,0.027777777777777776,0.9722222222222222,0.0,0.0,1123.1519230304743,0.04786349995993078,3031,stack_3,311,84.26274667692378,True,0.0,0,2,1.0,755.1507402525549,781.6380032894322,26.487263036877266,3.507546457283328
one_step_greedy,900,1.0,0.1191379965684705,1.0,2.0,1122.6753710442003,66.74640481529391,44.94624104926453,4,3,1,3,0.027777777777777776,0.9722222222222222,0.0,0.0,1123.1519230304743,0.05310599994845688,3031,stack_3,311,84.26274667692378,True,0.0,0,2,1.0,755.1507402525549,781.6380032894322,26.487263036877266,3.507546457283328
break_even_hysteresis,900,1.0,0.1191379965684705,1.0,2.0,1121.4762629208847,66.67511425501228,44.99429860031272,14,8,6,13,0.06555555555555556,0.9344444444444444,0.0,0.0,1123.1441948728432,0.05458789994008839,3031,stack_3,311,84.26274667692378,True,0.0,0,2,0.9439728353140917,754.8409128185833,781.2430443892025,26.40213157061919,3.4977080762664814
offline_dp,900,1.0,0.1191379965684705,1.0,2.0,1119.944804016205,66.58406444787643,45.05582566754329,14,8,6,14,0.16111111111111112,0.8388888888888889,0.0,0.0,1121.6127359681634,0.057778500020504,3031,stack_3,311,84.26274667692378,True,0.0,0,0,0.8455008488964346,754.0649430365216,780.2129099054434,26.1479668689218,3.467601446054136
average,900,1.0,0.1191379965684705,1.0,2.0,1169.09303659806,65.51205155104164,45.79310110083541,2,2,0,1,0.0,1.0,0.0,0.0,1169.331312591197,0.19700069981627166,3032,stack_1,308,85.0270288653882,False,0.0,0,0,0.0,792.2847567332248,792.2847567332248,0.0,0.0
daisy_chain,900,1.0,0.1191379965684705,1.0,2.0,1409.4676055147052,78.98183595438567,37.983416867298274,36,19,17,36,0.43666666666666665,0.5633333333333334,0.0,0.0,1413.7565733911701,0.19565510004758835,3032,stack_1,308,85.0270288653882,False,0.0,0,0,0.0,958.828646205065,958.828646205065,0.0,0.0
instantaneous,900,1.0,0.1191379965684705,1.0,2.0,1165.8011369359706,65.3275845380559,45.92240814065903,18,10,8,18,0.13,0.87,0.0,0.0,1167.945620874203,0.050621400121599436,3032,stack_1,308,85.0270288653882,False,0.0,0,0,0.0,790.5557471518389,790.5557471518389,0.0,0.0
sticky,900,1.0,0.1191379965684705,1.0,2.0,1168.971415911521,65.50523633579631,45.797865450347466,2,2,0,2,0.04,0.96,0.0,0.0,1169.209691904658,0.05252949986606836,3032,stack_1,308,85.0270288653882,False,0.0,0,0,0.0,791.1983833453662,791.1983833453662,0.0,0.0
one_step_greedy,900,1.0,0.1191379965684705,1.0,2.0,1168.971415911521,65.50523633579631,45.797865450347466,2,2,0,2,0.04,0.96,0.0,0.0,1169.209691904658,0.05982229998335242,3032,stack_1,308,85.0270288653882,False,0.0,0,0,0.0,791.1983833453662,791.1983833453662,0.0,0.0
break_even_hysteresis,900,1.0,0.1191379965684705,1.0,2.0,1167.3470630435002,65.4142130506551,45.86159276542679,6,4,2,6,0.025555555555555557,0.9744444444444444,0.0,0.0,1168.061891022911,0.0618261001072824,3032,stack_1,308,85.0270288653882,False,0.0,0,0,0.0,791.1983833453662,791.1983833453662,0.0,0.0
offline_dp,900,1.0,0.1191379965684705,1.0,2.0,1166.7006404544095,65.37798969746203,45.88700285650527,6,4,2,6,0.06,0.94,0.0,0.0,1167.4154684338203,0.05271329986862838,3032,stack_1,308,85.0270288653882,False,0.0,0,0,0.0,791.1983833453662,791.1983833453662,0.0,0.0
average,900,1.0,0.1191379965684705,1.0,2.0,1188.0524450303442,66.57447319218608,45.06231677327196,4,3,1,2,0.0,1.0,0.0,0.0,1188.5289970166182,0.1989836001303047,3032,stack_2,308,85.0270288653882,True,0.0,0,2,1.0,792.2847567332248,811.2441651655088,18.95940843228402,2.393004317091507
daisy_chain,900,1.0,0.1191379965684705,1.0,2.0,1412.5676372981734,79.15555133515588,37.90005816897878,38,20,18,37,0.43666666666666665,0.5633333333333334,0.0,0.0,1417.0948811677754,0.20312760001979768,3032,stack_2,308,85.0270288653882,True,0.0,0,2,0.5861486486486487,958.828646205065,961.9286779885351,3.100031783470172,0.32331447289770665
instantaneous,900,1.0,0.1191379965684705,1.0,2.0,1178.2225458228588,66.02363861917705,45.43827124257657,20,11,9,19,0.13,0.87,0.0,0.0,1180.6053057542283,0.05077109998092055,3032,stack_2,308,85.0270288653882,True,0.0,0,2,0.9239864864864865,790.5557471518389,802.9771560387229,12.421408886884024,1.571224917614611
sticky,900,1.0,0.1191379965684705,1.0,2.0,1181.5203757815434,66.20843794608827,45.31144508261681,4,3,1,3,0.04,0.96,0.0,0.0,1181.9969277678174,0.04919530008919537,3032,stack_2,308,85.0270288653882,True,0.0,0,2,1.0,791.1983833453662,803.7473432153847,12.548959870018507,1.5860699584544946
one_step_greedy,900,1.0,0.1191379965684705,1.0,2.0,1181.5203757815434,66.20843794608827,45.31144508261681,4,3,1,3,0.04,0.96,0.0,0.0,1181.9969277678174,0.051610499853268266,3032,stack_2,308,85.0270288653882,True,0.0,0,2,1.0,791.1983833453662,803.7473432153847,12.548959870018507,1.5860699584544946
break_even_hysteresis,900,1.0,0.1191379965684705,1.0,2.0,1179.8613268748977,66.11547041134514,45.37515926809822,10,6,4,9,0.027777777777777776,0.9722222222222222,0.0,0.0,1181.0527068405825,0.05788600002415478,3032,stack_2,308,85.0270288653882,True,0.0,0,2,0.9966216216216216,791.1983833453662,803.7126471767597,12.514263831393464,1.581684706998554
offline_dp,900,1.0,0.1191379965684705,1.0,2.0,1178.9893800347443,66.06660943573954,45.40871743869357,10,6,4,9,0.07666666666666666,0.9233333333333333,0.0,0.0,1180.180760000429,0.05824479996226728,3032,stack_2,308,85.0270288653882,True,0.0,0,2,0.9746621621621622,791.1983833453662,803.4871229256969,12.288739580330684,1.553180572534929
average,900,1.0,0.1191379965684705,1.0,2.0,1198.8364793795274,67.17877429748364,44.65696243154527,4,3,1,2,0.0,1.0,0.0,0.0,1199.3130313658014,0.1877780999056995,3032,stack_3,308,85.0270288653882,True,0.0,0,2,1.0,792.2847567332248,822.0281995146943,29.743442781469525,3.7541354328346044
daisy_chain,900,1.0,0.1191379965684705,1.0,2.0,1407.4534993240331,78.8689722006364,38.03777222262063,38,20,18,37,0.43666666666666665,0.5633333333333334,0.0,0.0,1411.9807431936351,0.19370509986765683,3032,stack_3,308,85.0270288653882,True,0.0,0,2,0.5861486486486487,958.828646205065,956.8145400143891,-2.014106190675875,-0.21005903386882574
instantaneous,900,1.0,0.1191379965684705,1.0,2.0,1192.9824427966564,66.85073372723554,44.87609683149624,20,11,9,19,0.13,0.87,0.0,0.0,1195.365202728026,0.04866069997660816,3032,stack_3,308,85.0270288653882,True,0.0,0,2,0.9239864864864865,790.5557471518389,817.7370530125313,27.18130586069242,3.4382528947034308
sticky,900,1.0,0.1191379965684705,1.0,2.0,1196.2077891938352,67.0314713185369,44.75509698636691,4,3,1,3,0.04,0.96,0.0,0.0,1196.6843411801092,0.05024100001901388,3032,stack_3,308,85.0270288653882,True,0.0,0,2,1.0,791.1983833453662,818.4347566276883,27.23637328232212,3.4424202394297776
one_step_greedy,900,1.0,0.1191379965684705,1.0,2.0,1196.2077891938352,67.0314713185369,44.75509698636691,4,3,1,3,0.04,0.96,0.0,0.0,1196.6843411801092,0.04979779990389943,3032,stack_3,308,85.0270288653882,True,0.0,0,2,1.0,791.1983833453662,818.4347566276883,27.23637328232212,3.4424202394297776
break_even_hysteresis,900,1.0,0.1191379965684705,1.0,2.0,1194.5834363258148,66.94044803339573,44.815953405381016,8,5,3,7,0.025555555555555557,0.9744444444444444,0.0,0.0,1195.5365402983625,0.05334550002589822,3032,stack_3,308,85.0270288653882,True,0.0,0,2,1.0,791.1983833453662,818.4347566276883,27.23637328232212,3.4424202394297776
offline_dp,900,1.0,0.1191379965684705,1.0,2.0,1193.9370137367239,66.90422468020263,44.84021770433447,8,5,3,7,0.06,0.94,0.0,0.0,1194.8901177092716,0.06004360015504062,3032,stack_3,308,85.0270288653882,True,0.0,0,2,1.0,791.1983833453662,818.4347566276883,27.23637328232212,3.4424202394297776
average,900,1.0,0.1191379965684705,1.0,2.0,1046.0089509708228,64.88215014036051,46.23767852190549,2,2,0,1,0.0,1.0,0.0,0.0,1046.2472269639597,0.19177579996176064,3033,stack_1,335,102.22761336864997,False,0.0,0,0,0.0,674.1288081876783,674.1288081876783,0.0,0.0
daisy_chain,900,1.0,0.1191379965684705,1.0,2.0,1250.3696714772645,77.55829687733146,38.680581198745244,29,15,14,29,0.5433333333333333,0.45666666666666667,0.0,0.0,1253.8246733777503,0.20917859999462962,3033,stack_1,335,102.22761336864997,False,0.0,0,0,0.0,803.6241837630008,803.6241837630008,0.0,0.0
instantaneous,900,1.0,0.1191379965684705,1.0,2.0,1042.1473455955777,64.64262134903713,46.40900906232658,22,12,10,22,0.2,0.8,0.0,0.0,1044.768381520084,0.04965610010549426,3033,stack_1,335,102.22761336864997,False,0.0,0,0,0.0,672.0159515363785,672.0159515363785,0.0,0.0
sticky,900,1.0,0.1191379965684705,1.0,2.0,1045.9566816980353,64.87890796657072,46.23998914324787,2,2,0,2,0.03333333333333333,0.9666666666666667,0.0,0.0,1046.1949576911722,0.05157879996113479,3033,stack_1,335,102.22761336864997,False,0.0,0,0,0.0,673.2948834197387,673.2948834197387,0.0,0.0
one_step_greedy,900,1.0,0.1191379965684705,1.0,2.0,1045.9566816980353,64.87890796657072,46.23998914324787,2,2,0,2,0.03333333333333333,0.9666666666666667,0.0,0.0,1046.1949576911722,0.05285639991052449,3033,stack_1,335,102.22761336864997,False,0.0,0,0,0.0,673.2948834197387,673.2948834197387,0.0,0.0
break_even_hysteresis,900,1.0,0.1191379965684705,1.0,2.0,1044.6031701438474,64.79495195472778,46.29990314825925,14,8,6,14,0.05,0.95,0.0,0.0,1046.2711020958059,0.058515500044450164,3033,stack_1,335,102.22761336864997,False,0.0,0,0,0.0,673.464184307201,673.464184307201,0.0,0.0
offline_dp,900,1.0,0.1191379965684705,1.0,2.0,1042.7885598643277,64.68239477585013,46.38047200318085,14,8,6,14,0.1511111111111111,0.8488888888888889,0.0,0.0,1044.4564918162862,0.0664464000146836,3033,stack_1,335,102.22761336864997,False,0.0,0,0,0.0,672.5226851783103,672.5226851783103,0.0,0.0
average,900,1.0,0.1191379965684705,1.0,2.0,1059.325567763077,65.70815715423433,45.65643186367561,4,3,1,2,0.0,1.0,0.0,0.0,1059.802119749351,0.19242689991369843,3033,stack_2,335,102.22761336864997,True,0.0,0,2,1.0,674.1288081876783,687.4454249799345,13.31661679225624,1.9753816526631551
daisy_chain,900,1.0,0.1191379965684705,1.0,2.0,1252.5660195968837,77.69453260296781,38.612755614742014,31,16,15,30,0.5433333333333333,0.45666666666666667,0.0,0.0,1256.2592974905062,0.1852710999082774,3033,stack_2,335,102.22761336864997,True,0.0,0,2,0.4584070796460177,803.6241837630008,805.8205318826231,2.1963481196222574,0.27330537880752015
instantaneous,900,1.0,0.1191379965684705,1.0,2.0,1051.7476973723626,65.23811478607084,45.98538768076921,24,13,11,23,0.2,0.8,0.0,0.0,1054.6070092900059,0.05110019980929792,3033,stack_2,335,102.22761336864997,True,0.0,0,2,0.8424778761061947,672.0159515363785,681.6163033131705,9.600351776792081,1.4285898652916629
sticky,900,1.0,0.1191379965684705,1.0,2.0,1055.810043333423,65.4900951733543,45.808453813647674,4,3,1,3,0.03333333333333333,0.9666666666666667,0.0,0.0,1056.286595319697,0.052360699977725744,3033,stack_2,335,102.22761336864997,True,0.0,0,2,1.0,673.2948834197387,683.1482450551317,9.853361635393071,1.4634541087475306
one_step_greedy,900,1.0,0.1191379965684705,1.0,2.0,1055.810043333423,65.4900951733543,45.808453813647674,4,3,1,3,0.03333333333333333,0.9666666666666667,0.0,0.0,1056.286595319697,0.05379280005581677,3033,stack_2,335,102.22761336864997,True,0.0,0,2,1.0,673.2948834197387,683.1482450551317,9.853361635393071,1.4634541087475306
break_even_hysteresis,900,1.0,0.1191379965684705,1.0,2.0,1054.2865253114546,65.39559395044303,45.87465024437884,16,9,7,15,0.058888888888888886,0.9411111111111111,0.0,0.0,1056.1927332565501,0.05663140001706779,3033,stack_2,335,102.22761336864997,True,0.0,0,2,0.9699115044247788,673.464184307201,683.1475394748138,9.68335516761283,1.437842634137132
offline_dp,900,1.0,0.1191379965684705,1.0,2.0,1052.6434394927132,65.29367614114882,45.94625662544603,14,8,6,14,0.1511111111111111,0.8488888888888889,0.0,0.0,1054.3113714446717,0.05775940022431314,3033,stack_2,335,102.22761336864997,True,0.0,0,0,0.904424778761062,672.5226851783103,682.2225775308292,9.699892352518873,1.442314522066579
average,900,1.0,0.1191379965684705,1.0,2.0,1067.6899083942476,66.22698292924613,45.298756901021044,4,3,1,2,0.0,1.0,0.0,0.0,1068.1664603805216,0.20148429996334016,3033,stack_3,335,102.22761336864997,True,0.0,0,2,1.0,674.1288081876783,695.8097656111042,21.68095742342598,3.2161446240092983
daisy_chain,900,1.0,0.1191379965684705,1.0,2.0,1251.4881287023597,77.62767287027765,38.64601229272024,31,16,15,30,0.5433333333333333,0.45666666666666667,0.0,0.0,1255.1814065959823,0.18966639996506274,3033,stack_3,335,102.22761336864997,True,0.0,0,2,0.4584070796460177,803.6241837630008,804.7426409880935,1.1184572250926976,0.1391766509384329
instantaneous,900,1.0,0.1191379965684705,1.0,2.0,1063.1351987015123,65.94446205994045,45.49282693781223,24,13,11,23,0.2,0.8,0.0,0.0,1065.9945106191556,0.051695199916139245,3033,stack_3,335,102.22761336864997,True,0.0,0,2,0.8424778761061947,672.0159515363785,693.0038046423181,20.98785310593962,3.1231182917543343
sticky,900,1.0,0.1191379965684705,1.0,2.0,1067.060278831391,66.18792808196959,45.325485884445435,4,3,1,3,0.03333333333333333,0.9666666666666667,0.0,0.0,1067.536830817665,0.050473300041630864,3033,stack_3,335,102.22761336864997,True,0.0,0,2,1.0,673.2948834197387,694.3984805530959,21.103597133357198,3.134376578976772
one_step_greedy,900,1.0,0.1191379965684705,1.0,2.0,1067.060278831391,66.18792808196959,45.325485884445435,4,3,1,3,0.03333333333333333,0.9666666666666667,0.0,0.0,1067.536830817665,0.05238529993221164,3033,stack_3,335,102.22761336864997,True,0.0,0,2,1.0,673.2948834197387,694.3984805530959,21.103597133357198,3.134376578976772
break_even_hysteresis,900,1.0,0.1191379965684705,1.0,2.0,1065.719397943068,66.10475552877512,45.38251410209231,16,9,7,15,0.05444444444444444,0.9455555555555556,0.0,0.0,1067.6256058881636,0.05688840011134744,3033,stack_3,335,102.22761336864997,True,0.0,0,2,0.9769911504424779,673.464184307201,694.5804121064236,21.116227799222656,3.1354641109749837
offline_dp,900,1.0,0.1191379965684705,1.0,2.0,1063.821904365791,65.98705724038379,45.46346094918764,16,9,7,15,0.1511111111111111,0.8488888888888889,0.0,0.0,1065.7281123108864,0.061161400051787496,3033,stack_3,335,102.22761336864997,True,0.0,0,2,0.904424778761062,672.5226851783103,693.556029679777,21.033344501466672,3.127529370386961
average,900,1.0,0.1191379965684705,1.0,2.0,1139.667115223679,65.09620509154138,46.085635802905415,2,2,0,1,0.0,1.0,0.0,0.0,1139.905391216816,0.18704600003547966,3034,stack_1,354,83.23189536780758,False,0.0,0,0,0.0,662.8968173975072,662.8968173975072,0.0,0.0
daisy_chain,900,1.0,0.1191379965684705,1.0,2.0,1374.69418331806,78.52062527737145,38.20652203675921,27,14,13,27,0.4688888888888889,0.5311111111111111,0.0,0.0,1377.9109092254087,0.195336899952963,3034,stack_1,354,83.23189536780758,False,0.0,0,0,0.0,788.0267672290031,788.0267672290031,0.0,0.0
instantaneous,900,1.0,0.1191379965684705,1.0,2.0,1136.9032580735936,64.93833740414183,46.19767182103217,13,7,6,13,0.10222222222222223,0.8977777777777778,0.0,0.0,1138.4520520289836,0.048178200144320726,3034,stack_1,354,83.23189536780758,False,0.0,0,0,0.0,660.9184674045371,660.9184674045371,0.0,0.0
sticky,900,1.0,0.1191379965684705,1.0,2.0,1139.1054961143577,65.06412618688988,46.10835764370085,2,2,0,2,0.02666666666666667,0.9733333333333334,0.0,0.0,1139.3437721074947,0.047253600088879466,3034,stack_1,354,83.23189536780758,False,0.0,0,0,0.0,662.0441313675128,662.0441313675128,0.0,0.0
one_step_greedy,900,1.0,0.1191379965684705,1.0,2.0,1139.1054961143577,65.06412618688988,46.10835764370085,2,2,0,2,0.02666666666666667,0.9733333333333334,0.0,0.0,1139.3437721074947,0.050075799925252795,3034,stack_1,354,83.23189536780758,False,0.0,0,0,0.0,662.0441313675128,662.0441313675128,0.0,0.0
break_even_hysteresis,900,1.0,0.1191379965684705,1.0,2.0,1137.8957523387508,64.995027300142,46.15737733513413,4,3,1,4,0.03222222222222222,0.9677777777777777,0.0,0.0,1138.3723043250247,0.05897669983096421,3034,stack_1,354,83.23189536780758,False,0.0,0,0,0.0,661.821247163213,661.821247163213,0.0,0.0
offline_dp,900,1.0,0.1191379965684705,1.0,2.0,1137.570810169396,64.97646705406957,46.170561989828954,4,3,1,4,0.05,0.95,0.0,0.0,1138.04736215567,0.05757699999958277,3034,stack_1,354,83.23189536780758,False,0.0,0,0,0.0,661.5860195003409,661.5860195003409,0.0,0.0
average,900,1.0,0.1191379965684705,1.0,2.0,1153.0391947162825,65.85999972729347,45.55116933528851,4,3,1,2,0.0,1.0,0.0,0.0,1153.5157467025565,0.19549089996144176,3034,stack_2,354,83.23189536780758,True,0.0,0,2,1.0,662.8968173975072,676.2688968901155,13.372079492608236,2.0172188403477564
daisy_chain,900,1.0,0.1191379965684705,1.0,2.0,1376.9878771900276,78.65163789036372,38.14288017983614,29,15,14,28,0.4688888888888889,0.5311111111111111,0.0,0.0,1380.4428790905133,0.2103955999482423,3034,stack_2,354,83.23189536780758,True,0.0,0,2,0.46886446886446886,788.0267672290031,790.3204611009711,2.293693871968003,0.29106801537128746
instantaneous,900,1.0,0.1191379965684705,1.0,2.0,1146.6711710470352,65.49626704670301,45.80413717106666,15,8,7,14,0.10222222222222223,0.8977777777777778,0.0,0.0,1148.4582409955622,0.04666180000640452,3034,stack_2,354,83.23189536780758,True,0.0,0,2,0.8534798534798534,660.9184674045371,670.6863803779804,9.767912973443345,1.4779301010913626
sticky,900,1.0,0.1191379965684705,1.0,2.0,1149.1003210286183,65.63501672482127,45.707309142278035,4,3,1,3,0.02666666666666667,0.9733333333333334,0.0,0.0,1149.5768730148923,0.04785470012575388,3034,stack_2,354,83.23189536780758,True,0.0,0,2,1.0,662.0441313675128,672.0389562817758,9.99482491426295,1.5096916414949035
one_step_greedy,900,1.0,0.1191379965684705,1.0,2.0,1149.1003210286183,65.63501672482127,45.707309142278035,4,3,1,3,0.02666666666666667,0.9733333333333334,0.0,0.0,1149.5768730148923,0.052095700055360794,3034,stack_2,354,83.23189536780758,True,0.0,0,2,1.0,662.0441313675128,672.0389562817758,9.99482491426295,1.5096916414949035
break_even_hysteresis,900,1.0,0.1191379965684705,1.0,2.0,1147.794899036937,65.5604528310611,45.75929345287646,6,4,2,5,0.035555555555555556,0.9644444444444444,0.0,0.0,1148.5097270163478,0.05274229985661805,3034,stack_2,354,83.23189536780758,True,0.0,0,2,0.9652014652014652,661.821247163213,671.7203938614025,9.899146698189497,1.4957432600752218
offline_dp,900,1.0,0.1191379965684705,1.0,2.0,1147.4720091436907,65.54200980815381,45.77216976991104,6,4,2,5,0.05,0.95,0.0,0.0,1148.1868371231014,0.05764480005018413,3034,stack_2,354,83.23189536780758,True,0.0,0,2,0.9395604395604396,661.5860195003409,671.4872184746382,9.901198974297358,1.4965852787782952
average,900,1.0,0.1191379965684705,1.0,2.0,1161.564573247223,66.34695752568902,45.21684357324775,4,3,1,2,0.0,1.0,0.0,0.0,1162.041125233497,0.19236220000311732,3034,stack_3,354,83.23189536780758,True,0.0,0,2,1.0,662.8968173975072,684.7942754210587,21.897458023551508,3.303298107467101
daisy_chain,900,1.0,0.1191379965684705,1.0,2.0,1375.6162276821633,78.5732911727258,38.180913071404454,29,15,14,28,0.4688888888888889,0.5311111111111111,0.0,0.0,1379.071229582649,0.19979099999181926,3034,stack_3,354,83.23189536780758,True,0.0,0,2,0.46886446886446886,788.0267672290031,788.948811593111,0.9220443641079328,0.1170067315543255
instantaneous,900,1.0,0.1191379965684705,1.0,2.0,1158.5584885145265,66.17525413470037,45.33416666437672,15,8,7,14,0.10222222222222223,0.8977777777777778,0.0,0.0,1160.3455584630535,0.049603900173678994,3034,stack_3,354,83.23189536780758,True,0.0,0,2,0.8534798534798534,660.9184674045371,682.5736978454739,21.65523044093686,3.2765358374654108
sticky,900,1.0,0.1191379965684705,1.0,2.0,1160.8631166650578,66.30689129852016,45.24416604744291,4,3,1,3,0.02666666666666667,0.9733333333333334,0.0,0.0,1161.3396686513317,0.0486737999599427,3034,stack_3,354,83.23189536780758,True,0.0,0,2,1.0,662.0441313675128,683.8017519182157,21.75762055070288,3.286430544405028
one_step_greedy,900,1.0,0.1191379965684705,1.0,2.0,1160.8631166650578,66.30689129852016,45.24416604744291,4,3,1,3,0.02666666666666667,0.9733333333333334,0.0,0.0,1161.3396686513317,0.05606430000625551,3034,stack_3,354,83.23189536780758,True,0.0,0,2,1.0,662.0441313675128,683.8017519182157,21.75762055070288,3.286430544405028
break_even_hysteresis,900,1.0,0.1191379965684705,1.0,2.0,1159.6021287507244,66.23486541763538,45.29336598004512,6,4,2,5,0.034444444444444444,0.9655555555555555,0.0,0.0,1160.3169567301352,0.059552500024437904,3034,stack_3,354,83.23189536780758,True,0.0,0,2,0.967032967032967,661.821247163213,683.5276235751888,21.70637641197584,3.279794431656069
offline_dp,900,1.0,0.1191379965684705,1.0,2.0,1159.285147770828,66.21675990366396,45.305750452975516,6,4,2,5,0.05,0.95,0.0,0.0,1159.9999757502387,0.05930730002000928,3034,stack_3,354,83.23189536780758,True,0.0,0,2,0.9395604395604396,661.5860195003409,683.3003571017744,21.7143376014335,3.2821639154093862
average,900,1.0,0.1191379965684705,1.0,2.0,1134.5843802167171,65.46256922778194,45.827715523374586,2,2,0,1,0.0,1.0,0.0,0.0,1134.8226562098541,0.20242340001277626,3035,stack_1,348,83.95858935878694,False,0.0,0,0,0.0,707.9544546082739,707.9544546082739,0.0,0.0
daisy_chain,900,1.0,0.1191379965684705,1.0,2.0,1373.1012391497625,79.22437193029681,37.86713516188497,32,17,15,32,0.43222222222222223,0.5677777777777778,0.0,0.0,1376.9136550399535,0.20623699994757771,3035,stack_1,348,83.95858935878694,False,0.0,0,0,0.0,855.2664620411944,855.2664620411944,0.0,0.0
instantaneous,900,1.0,0.1191379965684705,1.0,2.0,1130.5705206758291,65.23097996686175,45.99041745998659,22,12,10,22,0.19555555555555557,0.8044444444444444,0.0,0.0,1133.1915566003354,0.05035919998772442,3035,stack_1,348,83.95858935878694,False,0.0,0,0,0.0,705.3881280112175,705.3881280112175,0.0,0.0
sticky,900,1.0,0.1191379965684705,1.0,2.0,1133.9202236332349,65.42424911948291,45.85455760479823,2,2,0,2,0.025555555555555557,0.9744444444444444,0.0,0.0,1134.1584996263718,0.05214250017888844,3035,stack_1,348,83.95858935878694,False,0.0,0,0,0.0,706.9492192940023,706.9492192940023,0.0,0.0
one_step_greedy,900,1.0,0.1191379965684705,1.0,2.0,1133.9202236332349,65.42424911948291,45.85455760479823,2,2,0,2,0.025555555555555557,0.9744444444444444,0.0,0.0,1134.1584996263718,0.052883199881762266,3035,stack_1,348,83.95858935878694,False,0.0,0,0,0.0,706.9492192940023,706.9492192940023,0.0,0.0
break_even_hysteresis,900,1.0,0.1191379965684705,1.0,2.0,1132.6935689182237,65.35347433128719,45.90421596857296,12,7,5,12,0.043333333333333335,0.9566666666666667,0.0,0.0,1134.1232248770455,0.05534070008434355,3035,stack_1,348,83.95858935878694,False,0.0,0,0,0.0,706.8368722987886,706.8368722987886,0.0,0.0
offline_dp,900,1.0,0.1191379965684705,1.0,2.0,1131.371371394286,65.2771869713933,45.95786275708682,12,7,5,12,0.1322222222222222,0.8677777777777778,0.0,0.0,1132.8010273531077,0.058768700109794736,3035,stack_1,348,83.95858935878694,False,0.0,0,0,0.0,706.0641845541945,706.0641845541945,0.0,0.0
average,900,1.0,0.1191379965684705,1.0,2.0,1151.7623128265911,66.4536912829342,45.144219110826505,4,3,1,2,0.0,1.0,0.0,0.0,1152.2388648128651,0.18377439980395138,3035,stack_2,348,83.95858935878694,True,0.0,0,2,1.0,707.9544546082739,725.1323872181489,17.17793260987503,2.4264177586649893
daisy_chain,900,1.0,0.1191379965684705,1.0,2.0,1375.8784729205456,79.38461109906352,37.79069971453702,34,18,16,33,0.43222222222222223,0.5677777777777778,0.0,0.0,1379.9291648038736,0.2034752001054585,3035,stack_2,348,83.95858935878694,True,0.0,0,2,0.5833333333333334,855.2664620411944,858.0436958119699,2.777233770775524,0.3247214633141704
instantaneous,900,1.0,0.1191379965684705,1.0,2.0,1141.7515075825959,65.87609384484351,45.54004077815903,24,13,11,23,0.19555555555555557,0.8044444444444444,0.0,0.0,1144.6108195002391,0.0502103001344949,3035,stack_2,348,83.95858935878694,True,0.0,0,2,0.8007246376811594,705.3881280112175,716.5691149179801,11.180986906762541,1.585082944092986
sticky,900,1.0,0.1191379965684705,1.0,2.0,1145.4137013146951,66.08739290280103,45.394437096532215,4,3,1,3,0.025555555555555557,0.9744444444444444,0.0,0.0,1145.890253300969,0.051523700123652816,3035,stack_2,348,83.95858935878694,True,0.0,0,2,1.0,706.9492192940023,718.4426969754581,11.493477681455829,1.6257854691364981
one_step_greedy,900,1.0,0.1191379965684705,1.0,2.0,1145.4137013146951,66.08739290280103,45.394437096532215,4,3,1,3,0.025555555555555557,0.9744444444444444,0.0,0.0,1145.890253300969,0.05490990006364882,3035,stack_2,348,83.95858935878694,True,0.0,0,2,1.0,706.9492192940023,718.4426969754581,11.493477681455829,1.6257854691364981
break_even_hysteresis,900,1.0,0.1191379965684705,1.0,2.0,1143.9750603338482,66.00438705815452,45.4515242654522,16,9,7,15,0.05444444444444444,0.9455555555555556,0.0,0.0,1145.8812682789437,0.05563249997794628,3035,stack_2,348,83.95858935878694,True,0.0,0,2,0.9565217391304348,706.8368722987886,718.1183637144084,11.281491415619712,1.5960530438840603
offline_dp,900,1.0,0.1191379965684705,1.0,2.0,1142.4620915941825,65.91709269504958,45.51171596536911,14,8,6,14,0.14888888888888888,0.8511111111111112,0.0,0.0,1144.130023546141,0.06257529999129474,3035,stack_2,348,83.95858935878694,True,0.0,0,0,0.8605072463768116,706.0641845541945,717.1353751688946,11.071190614700072,1.5680147579912207
average,900,1.0,0.1191379965684705,1.0,2.0,1161.5852061760613,67.02044669321403,44.76245904078344,4,3,1,2,0.0,1.0,0.0,0.0,1162.0617581623353,0.197942900005728,3035,stack_3,348,83.95858935878694,True,0.0,0,2,1.0,707.9544546082739,734.9552805676192,27.00082595934532,3.8139213311801923
daisy_chain,900,1.0,0.1191379965684705,1.0,2.0,1368.5415592530687,78.96129025378296,37.99330013932051,34,18,16,33,0.43222222222222223,0.5677777777777778,0.0,0.0,1372.5922511363967,0.21092450013384223,3035,stack_3,348,83.95858935878694,True,0.0,0,2,0.5833333333333334,855.2664620411944,850.706782144508,-4.559679896686362,-0.533129743659555
instantaneous,900,1.0,0.1191379965684705,1.0,2.0,1155.1609203728333,66.6497821031969,45.011399967594315,24,13,11,23,0.19555555555555557,0.8044444444444444,0.0,0.0,1158.0202322904765,0.05221459991298616,3035,stack_3,348,83.95858935878694,True,0.0,0,2,0.8007246376811594,705.3881280112175,729.9785277082174,24.59039969699984,3.486080743424247
sticky,900,1.0,0.1191379965684705,1.0,2.0,1158.6527247596803,66.85125013888427,44.875750173219856,4,3,1,3,0.025555555555555557,0.9744444444444444,0.0,0.0,1159.1292767459543,0.04843640001490712,3035,stack_3,348,83.95858935878694,True,0.0,0,2,1.0,706.9492192940023,731.6817204204474,24.732501126445072,3.4984834060845627
one_step_greedy,900,1.0,0.1191379965684705,1.0,2.0,1158.6527247596803,66.85125013888427,44.875750173219856,4,3,1,3,0.025555555555555557,0.9744444444444444,0.0,0.0,1159.1292767459543,0.051051000133156776,3035,stack_3,348,83.95858935878694,True,0.0,0,2,1.0,706.9492192940023,731.6817204204474,24.732501126445072,3.4984834060845627
break_even_hysteresis,900,1.0,0.1191379965684705,1.0,2.0,1157.3554394141527,66.77640014692196,44.9260516200241,14,8,6,13,0.04888888888888889,0.9511111111111111,0.0,0.0,1159.0233713661112,0.05340870004147291,3035,stack_3,348,83.95858935878694,True,0.0,0,2,0.9655797101449275,706.8368722987886,731.4987427947162,24.661870495927587,3.489046972849863
offline_dp,900,1.0,0.1191379965684705,1.0,2.0,1156.1666087612653,66.70780770878184,44.97224692342967,12,7,5,12,0.1322222222222222,0.8677777777777778,0.0,0.0,1157.596264720087,0.05824490007944405,3035,stack_3,348,83.95858935878694,True,0.0,0,0,0.8876811594202898,706.0641845541945,730.7176382809084,24.653453726713906,3.491673174483423
