month,relative_path,size_bytes,sha256
2025-06,2025-06\21UBE0022_苏E02625F-2025-06-02.csv,1222950,8a1fbe09c2230f528ee8a66340cde44fcd9f5d90b1556f45f201c05cdc4ad1d7
2025-06,2025-06\21UBE0022_苏E02625F-2025-06-04.csv,66461,b36a6e8ce5ded0a8968a080426501f3af5997dd008022d5ea98d9a47be569b54
2025-06,2025-06\21UBE0022_苏E02625F-2025-06-05.csv,14261,a2f325e1b08fd254b37c062799d7ffcbdb56138c8335e0a43815fded57148fb4
2025-06,2025-06\21UBE0022_苏E02625F-2025-06-09.csv,1277639,94bb923ad1cf149951e51385d7a76824c28f7b54b1d896b29ada04278485a5f1
2025-06,2025-06\21UBE0022_苏E02625F-2025-06-10.csv,16334968,bd51dcfa2de00cfb89966209012af99c6148dcbc71da8f33ac40155f5cdf66db
2025-06,2025-06\21UBE0022_苏E02625F-2025-06-11.csv,15400878,2e86b281f2e28447b9772a1a90f4b77d00a5daf5249d21cb7daceabf6c9454c6
2025-06,2025-06\21UBE0022_苏E02625F-2025-06-12.csv,15826512,558bbfdc6993953e14e4f355772a7ecccec869289118abe77005c9f69098c970
2025-06,2025-06\21UBE0022_苏E02625F-2025-06-13.csv,13338593,e7a44d54939d14f38dfcb79d1c62dfb471ac3fc0a6229cd1e67144445b91613b
2025-06,2025-06\21UBE0022_苏E02625F-2025-06-14.csv,6176102,ffad194a99c14747209134d6f21cc1da6284d7cde132875c236fc7404e15f2ff
2025-06,2025-06\21UBE0022_苏E02625F-2025-06-15.csv,11795502,29df01893641ff6177c8c7199a64268c8a9148832583d5d0d9e25186293bc31d
2025-06,2025-06\21UBE0022_苏E02625F-2025-06-16.csv,15299271,db4a4a25a7cb36a0ffd17a3061dd3f5195fc73a45cde67ecd010ed85bcc270b1
2025-06,2025-06\21UBE0022_苏E02625F-2025-06-17.csv,1446159,953318c2e18f66e131692613dead9c662996009c80cefef1dc143ceeb57ac84b
2025-06,2025-06\21UBE0022_苏E02625F-2025-06-18.csv,1367512,e33569af66ffb2af426eb4dfecb0bc482c13635532b2b4db24a37c6bfbf06b17
2025-06,2025-06\21UBE0022_苏E02625F-2025-06-19.csv,2021668,eb0804bc872960c19b00cccd3015e0922a69e7d92f647425543014fbfbeed442
2025-06,2025-06\21UBE0022_苏E02625F-2025-06-20.csv,1181239,815479639b8d59f41f01d363c8c70eb0a6ea0897afcb18cc5a8fd26b39f61e20
2025-06,2025-06\21UBE0022_苏E02625F-2025-06-21.csv,2110401,74ec2f84b282b7eeee5917321cd396dba71dbe53b5c926f3874d00f7a9868bbf
2025-06,2025-06\21UBE0022_苏E02625F-2025-06-22.csv,999665,3a65ef11dcd198ce9bdf2d6577dcce793fccd8e13a070b194af778ced67d3f7e
2025-06,2025-06\21UBE0022_苏E02625F-2025-06-23.csv,199345,517dc30f493ec2b1ea7728fe3357e5c280a0cb1f0c243f4a79a9fc76cfa74842
2025-06,2025-06\21UBE0022_苏E02625F-2025-06-25.csv,1028081,c7454a3c4bf1a160d8eac47dc362b6384617bb1f8f37e10e2f10cc9432254cca
2025-06,2025-06\21UBE0022_苏E02625F-2025-06-27.csv,1322116,47fdda2d86439ce9ea0024a01bb169b98402fd1bb1c851e2bc327c87f44d28d0
2025-06,2025-06\21UBE0022_苏E02625F-2025-06-28.csv,11581689,63d38633ca703ad0a9aa4396201e0db6dd081df3c48337f2ed6a927a94a65f92
2025-06,2025-06\21UBE0022_苏E02625F-2025-06-29.csv,15698681,125e5f86d888f1003eb39c646b27773a8c5b55e0ee97f4925a6eee2a0ccd73d2
2025-06,2025-06\21UBE0022_苏E02625F-2025-06-30.csv,16067936,fdde0fbdd6419af147b3497639db8ef1310ce58b24623ef6a9e4ecd3e28daf30
2025-06,2025-07\21UBE0022_苏E02625F-2025-07-01.csv,13545261,8deb665ec0f01654b05dfd953903b1c09977939c3b20ce04badc1a9f06a8dbac
2025-07,2025-07\21UBE0022_苏E02625F-2025-07-02.csv,15963982,9cc44795edc67a021047520418c5f9c6d028d1496c4a5540646ff019a2514151
2025-07,2025-07\21UBE0022_苏E02625F-2025-07-03.csv,16169892,1fedd85cadd98c56964bd2fc2fc5ef1f587eca2f7aa16ba64ac817d4f7d180fa
2025-07,2025-07\21UBE0022_苏E02625F-2025-07-04.csv,15114868,d3fe2984471a3b08e78c1ce034c2f6f65df6c5095804b1205f2aed84102bf0eb
2025-07,2025-07\21UBE0022_苏E02625F-2025-07-05.csv,15944861,923a199fdaf3da04bb582528b3c9c435989e82d825dcb3b747dadc60206ecedd
2025-07,2025-07\21UBE0022_苏E02625F-2025-07-06.csv,14882927,4773ae63fc2afd62332f80c637dac3b71acdbf3db317f674de66d851a77a0d9c
2025-07,2025-07\21UBE0022_苏E02625F-2025-07-07.csv,14372572,06b994c072931f479a4e75b96fd1d65735dcd11497113d7f164e7b33a6f28762
2025-07,2025-07\21UBE0022_苏E02625F-2025-07-08.csv,15753560,4a7461b11f5f966ff825e815e01a4229af09b0e23ef5d82b8163eed97f364b6e
2025-07,2025-07\21UBE0022_苏E02625F-2025-07-09.csv,16318300,9430b4f07fff4b36027a75d0b0194ea4ff8d3cc0b3ffe75e276d1dd3bf648597
2025-07,2025-07\21UBE0022_苏E02625F-2025-07-10.csv,14255614,ecb6060ed6f7230373c873caf2449982f854779a3fd91f8fc881c63c1cb513d9
2025-07,2025-07\21UBE0022_苏E02625F-2025-07-11.csv,15865671,95bd2e8d0a87e874ec548d62fc1be8326ad4a3e6e3aae591f9d881bbb13716a5
2025-07,2025-07\21UBE0022_苏E02625F-2025-07-12.csv,16123150,087a0d71a2c281e1bfaa4dda7d9b3a0751593afd4bc998fe36816f4d415acefe
2025-07,2025-07\21UBE0022_苏E02625F-2025-07-13.csv,15090200,bc177366ec847ca1d402c79dd5767b5a5a79d56218ad80fd6067edb2ffbbb784
2025-07,2025-07\21UBE0022_苏E02625F-2025-07-14.csv,15743611,94d08ac306962b314199cb72a340cfd2ae101660b658e214d5cfbcf4e077f7f6
2025-07,2025-07\21UBE0022_苏E02625F-2025-07-15.csv,4082969,229668f88b0da6efcb1abce0ebafa589b96070c6da343bf3ee4efffe5f2f8156
2025-07,2025-07\21UBE0022_苏E02625F-2025-07-16.csv,999010,583d211f88dd346a07f6cda9690db10d5d14e62344bbdfa21382ceb68da058eb
2025-07,2025-07\21UBE0022_苏E02625F-2025-07-22.csv,1851121,fed8113141e65e8744bd7908e8008c844305eccda160e6173a3746d67b61d5a2
2025-07,2025-07\21UBE0022_苏E02625F-2025-07-23.csv,4688378,4704d40a5545f634173ef2548d30c4e03fd7494ed78dd736825af61fff3d9d7c
2025-07,2025-07\21UBE0022_苏E02625F-2025-07-24.csv,15740938,562c5428663db472659495db539a13fb082c619e6cdfbf9b8e015edc47c6df14
2025-07,2025-07\21UBE0022_苏E02625F-2025-07-25.csv,13984276,c35b50db57d0fef234232186b1e0d4224f980fbc838fe99d067dce427f1f2e2f
2025-07,2025-07\21UBE0022_苏E02625F-2025-07-26.csv,15775968,e4102ba2db3839bf5c0b8f74d435c5da45ff266722a1135e8ac0dcf7d3ad8500
2025-07,2025-07\21UBE0022_苏E02625F-2025-07-27.csv,15736072,aaadf3317b109f04aa2f9a6375bbe6f01038f52f8c080ec94dca4b49c7d08528
2025-07,2025-07\21UBE0022_苏E02625F-2025-07-28.csv,13541613,c05c4e676297725b54812d6dce6576be710e186e33f762ee27192ecfce819e5d
2025-07,2025-07\21UBE0022_苏E02625F-2025-07-29.csv,6043273,13cbd27f72bd3cc194126a581f55979470dfd69c61fcee7a67cac6ca2b933da6
2025-07,2025-07\21UBE0022_苏E02625F-2025-07-30.csv,20107,cd5a1a2ebeba2d61edfd36b8dbd8bb59c2bdf3253d6790c3bd9e8e4d1d171483
2025-08,2025-08\21UBE0022_苏E02625F-2025-08-02.csv,6094869,5dee8edfeec80a8d185cd1545de590b8683c3cba0061b9fcaf87e41d2be7f55f
2025-08,2025-08\21UBE0022_苏E02625F-2025-08-03.csv,11724936,bdd188a8522a04129821c7ce34bc5237b49fd38e268bf79c099bfa5c296e37ba
2025-08,2025-08\21UBE0022_苏E02625F-2025-08-04.csv,127384,e03ae5a9687f4a8119bccf416c4d060e50e7899fec1a31a58775c4297c0ff9c1
2025-08,2025-08\21UBE0022_苏E02625F-2025-08-05.csv,40228,2101fd2d777eb0b8d1690659b2391c6c531023d3686a1806e1180aa38e40028a
2025-08,2025-08\21UBE0022_苏E02625F-2025-08-06.csv,5936,713cb6f6ad68fb45c8f66d647c4d3105bb854b997b396b16cb19a350bd9f382a
2025-08,2025-08\21UBE0022_苏E02625F-2025-08-07.csv,3980916,0d0ac81f77f5e5e343c49c3a935e3d83f1c74dee6abf0651ba6439d2983b4bde
2025-08,2025-08\21UBE0022_苏E02625F-2025-08-08.csv,9934405,e5cbfebd5de0720015ee2351884159d3f364d0ca1d76d731d82dd63a4d796e1d
2025-08,2025-08\21UBE0022_苏E02625F-2025-08-09.csv,14431964,19df4c43e37cb6e51da33fb11e66caa35a95c272fa4a8f517f3ecb2206551dcc
2025-08,2025-08\21UBE0022_苏E02625F-2025-08-10.csv,15493274,cb2bb926fec27acf5e2e65a5c547494ac89a23ea9f59f57be460921633379c64
2025-08,2025-08\21UBE0022_苏E02625F-2025-08-11.csv,15555186,6f33392b5d559d1582b7dd8e690812d827d6817b3cb74510e2e575065bc67d10
2025-08,2025-08\21UBE0022_苏E02625F-2025-08-12.csv,14243734,58cd0428a5e2641fdf89bd8c9ec0f2808944ea3e14178c099054696ca2320826
2025-08,2025-08\21UBE0022_苏E02625F-2025-08-13.csv,15606306,30ca9611afeb33a843a07f05a618c18e53f68208c42ea6d0ba231658efa0cf4c
2025-08,2025-08\21UBE0022_苏E02625F-2025-08-14.csv,15716891,1ec159a001c442c296810570920e7c7b812500e57d260b926765fc10c82997f9
2025-08,2025-08\21UBE0022_苏E02625F-2025-08-15.csv,17619839,0862536cb8db5ae9bb84c0461d6a3ea01351c3d16a8602f375592d5a0c9165ab
2025-08,2025-08\21UBE0022_苏E02625F-2025-08-16.csv,15764753,09c992b3a2c76657e70c76914c640c6ef456599b797ccdfb0f6dc01c76f56cd0
2025-08,2025-08\21UBE0022_苏E02625F-2025-08-17.csv,15725186,c8cb0c538629b5ad593693193b7421920c7b686012f2d3fe53c3837b39c6592e
2025-08,2025-08\21UBE0022_苏E02625F-2025-08-18.csv,10464199,dd6d4887b6b03f8a0d29d7e1d09c2986436113419f2ea27c83eea0137a93caf3
2025-08,2025-08\21UBE0022_苏E02625F-2025-08-19.csv,15643267,02cc0ef124eaa5cfa77d566bca1f1e51181b8a8c654bf81160077ed3443ea3af
2025-08,2025-08\21UBE0022_苏E02625F-2025-08-20.csv,15850853,947398d06ed2523d8a467f8c03cdf1873b94aff23fee9cb9f108edd462b65e4b
2025-08,2025-08\21UBE0022_苏E02625F-2025-08-21.csv,18286950,2ee6a309a378a3235595f42b09e83973524b1e14c62c5fa7511703217483a487
2025-08,2025-08\21UBE0022_苏E02625F-2025-08-22.csv,15593816,d68946ee5520c53b809042cca095ac157720fb5a3f20728f1ee5c197b99dade2
2025-08,2025-08\21UBE0022_苏E02625F-2025-08-23.csv,15776254,bb76a3827c2838374a6f45d19f2a9cb729284217c66895693afc92a32c36da77
2025-08,2025-08\21UBE0022_苏E02625F-2025-08-24.csv,17708266,97eac65a296e73f853842eb8b288a978ee7c8afe79aa48d0eb554c2669d8c56d
2025-08,2025-08\21UBE0022_苏E02625F-2025-08-25.csv,15560900,909263d5053bed871a7b5de0a6c7b0b7046e9cddfb7f9abd46615a3e320e9c8c
2025-08,2025-08\21UBE0022_苏E02625F-2025-08-26.csv,16391379,dacee63c440dcfa960ba555c164b55a0573633dceb83e120e6034a7e31ddaaed
2025-08,2025-08\21UBE0022_苏E02625F-2025-08-27.csv,15798161,b50622dd9393b1699ebd253dbaa8367a6e5cc33d324b2645b70e8bbc22c2a686
2025-08,2025-08\21UBE0022_苏E02625F-2025-08-28.csv,15771168,39b5dc2229f6044042f6e3b572b0d234e262ecbd9166da97fc52a3a0852f1185
2025-08,2025-08\21UBE0022_苏E02625F-2025-08-29.csv,15874563,068659bac8afad57a930d0ff91721c6842174ef2edab5862d5c01e23d714ea16
2025-08,2025-08\21UBE0022_苏E02625F-2025-08-30.csv,13943824,24af032d82f036829af37a19b08081101938327f559579b1a040159ee9c22203
2025-08,2025-08\21UBE0022_苏E02625F-2025-08-31.csv,15415727,48ca5f21948266cf9493f9eab4e7b121d132145d83cdd56b4176aec21299ce20
2025-08,2025-09\21UBE0022_苏E02625F-2025-09-01.csv,15491465,6b3a50f0fa13eebcd8fe3003ff364b034cf3c29b2863d34bea0ff1f486c4150d
2025-09,2025-09\21UBE0022_苏E02625F-2025-09-02.csv,17862001,f30f0c4c34677a06282e4a2acb82d3dcaec0b47e426fc297e1fba225254fdf77
2025-09,2025-09\21UBE0022_苏E02625F-2025-09-03.csv,15554718,2056dbe58462e0a0c3aaf333ab54103fcca9dc94a37f40ff8a3c92ae20ada929
2025-09,2025-09\21UBE0022_苏E02625F-2025-09-04.csv,16406937,5d109e96de321d8c3eb01e3ec5aa6b283f0e2382ac2e1c09368cfbbe573bcbc3
2025-09,2025-09\21UBE0022_苏E02625F-2025-09-05.csv,15494782,ae69df2454af4ba6bbea674845b9d044d42678a51269b33cd53ac9e09ed73d1b
2025-09,2025-09\21UBE0022_苏E02625F-2025-09-06.csv,15867496,f5bbc94afc61b22e017da88302420e4567c3d4e6228c74f6c91fcfdb70c6bb58
2025-09,2025-09\21UBE0022_苏E02625F-2025-09-07.csv,15407116,68d0f74d2e56dc0ee1d13daad091ebc709bb0b8d52b6faa1a95c7a86eea59e5b
2025-09,2025-09\21UBE0022_苏E02625F-2025-09-08.csv,18068805,ddf80f8320f72dbe2b94691f2182b6cf8768bddd714da3d73a7a1009a7699601
2025-09,2025-09\21UBE0022_苏E02625F-2025-09-09.csv,15468661,dcdeee86856e2a4c6e7aea6e86f19f47aedeb14c43f1d4de65d7f1c0dfea161e
2025-09,2025-09\21UBE0022_苏E02625F-2025-09-10.csv,15637606,a19c41648bc02802150c7e05952fe7afb27c4311d6c34d3a4bec75560c674b68
2025-09,2025-09\21UBE0022_苏E02625F-2025-09-11.csv,13367882,1508a764ec74ce9db15ab853a6ad0c496b45b17b4f02ad0692ef50ddd3c3491e
2025-09,2025-09\21UBE0022_苏E02625F-2025-09-12.csv,9209977,915cf5d48a14255c02157fa973e5898068c83a3a22b6adb392ea544cc206f776
2025-09,2025-09\21UBE0022_苏E02625F-2025-09-13.csv,748933,fecd534eca5c97e95486e2ee021b3830c64aa258dde19e57ed48371d24172790
2025-09,2025-09\21UBE0022_苏E02625F-2025-09-14.csv,5857265,b2217ea7b1cf15b77af107cf013c6232407628f61bc2617927309e4386cf330a
2025-09,2025-09\21UBE0022_苏E02625F-2025-09-15.csv,14468075,01c5d1bd3afa060388ea7b2cc0c0242b887fd77786dbc9e6eea340efd3fd83d6
2025-09,2025-09\21UBE0022_苏E02625F-2025-09-16.csv,15625155,6301ba26940b276d4b91a8876f29440ac22d21571d0a20061748539e1f717dfb
2025-09,2025-09\21UBE0022_苏E02625F-2025-09-17.csv,14183108,f3e9c4c5b6559b9a54ad95a3e6d2431ffd6b054a7502ac50f7fcfc9c4b425c36
2025-09,2025-09\21UBE0022_苏E02625F-2025-09-18.csv,14912161,b1e6cd91d873d542d3098a665115766ada8e050bd88b6837f3966c1972eacd05
2025-09,2025-09\21UBE0022_苏E02625F-2025-09-19.csv,15757133,a6f09a14fc5e3c44a8adc668bdd3005b31ae9a0f732bb7f718fb99d5095e006b
2025-09,2025-09\21UBE0022_苏E02625F-2025-09-20.csv,13823493,a2ddbdf46d55027749ab2e8cee7ffdfd780cbbdd2188736ff3a55ed57c65b487
2025-09,2025-09\21UBE0022_苏E02625F-2025-09-21.csv,15643483,83321e291d423f6ca0c97b7d50417265a3f01c9174daf51f433f4dc7a8cf30ac
2025-09,2025-09\21UBE0022_苏E02625F-2025-09-22.csv,15516615,8a5f9eebf084a7eeb33e0d624ef79ad8beec9ff30166d726a716d4f234b8cd57
2025-09,2025-09\21UBE0022_苏E02625F-2025-09-23.csv,15556682,ecb9b70dc64b69bc106a528df2896ae890c99552791f149f6450c5fee88e2c1e
2025-09,2025-09\21UBE0022_苏E02625F-2025-09-24.csv,14883644,1f4924e2fc806dd774e47a63d8519997828d3878048bec24c0eae2f89d293d4f
2025-09,2025-09\21UBE0022_苏E02625F-2025-09-25.csv,15387742,79f81e8835228737a6c77b921b45e35ca603bf8939e1e55536e562247b65c2b2
2025-09,2025-09\21UBE0022_苏E02625F-2025-09-26.csv,13871321,59407aa7af8aa91d347927f1aeeac1235f55ebbb5c4b7f7e06e5275d742bacba
2025-09,2025-09\21UBE0022_苏E02625F-2025-09-27.csv,15855781,aba6c5aaf7d81bb71a68abcc4c62ead0f30e5bf7e00e61dfc7a19db0325cd02d
2025-09,2025-09\21UBE0022_苏E02625F-2025-09-28.csv,15412838,727083db652c7f22221bd854542df9a756918a6e1f2dd5bf2c6e090ec0753ceb
2025-09,2025-09\21UBE0022_苏E02625F-2025-09-29.csv,13573548,5af695bfef0dccc80775fd61f9af55a1df7664fa9f86581b7f54098fb27cb1bd
2025-09,2025-09\21UBE0022_苏E02625F-2025-09-30.csv,15804114,485d4d4d2d5ca224b864764d837ecaaba2f3e863f39c0809f0c88bc2f8b34719
2025-09,2025-10\21UBE0022_苏E02625F-2025-10-01.csv,15967239,0321cb4333c8a81df617a3c96d9a864ed1be089659f021b121cad633b1c2fa74
2025-10,2025-10\21UBE0022_苏E02625F-2025-10-02.csv,15607998,9b94cb35dc7431050efe745e477c22ab9d42a9293d4d7ab1be04329b8505ad44
2025-10,2025-10\21UBE0022_苏E02625F-2025-10-03.csv,15518809,92ca62543044a3cdfc9589f7093c25df257e96f1e6e097e7cff627b32ce04ae2
2025-10,2025-10\21UBE0022_苏E02625F-2025-10-04.csv,15410783,69d8c331fb2d526411e0f3ddac76edf65af32c12a02178b8bc44c8a955c9ad10
2025-10,2025-10\21UBE0022_苏E02625F-2025-10-05.csv,17344514,858c0dc8e5ec66a0b7231e0323f7a5aea14b19aff3f408c59859f6de1fb78c47
2025-10,2025-10\21UBE0022_苏E02625F-2025-10-06.csv,12925215,85746a2aca4ef9b03baf2fd0f5ce286c9ff11f9483c4fbeb31e7d53f166687d1
2025-10,2025-10\21UBE0022_苏E02625F-2025-10-07.csv,9036704,e877d2fe004c2206152bca84fe184762c16d53008fc09f000d1dd5be9aa85417
2025-10,2025-10\21UBE0022_苏E02625F-2025-10-10.csv,2557734,27cc85e71cbf081e45257d6397bcd2e3852cd1484da3cf309d4b8d6b7d41e790
2025-10,2025-10\21UBE0022_苏E02625F-2025-10-13.csv,93735,7dd5227c53a708c9f9bb7833a0d4616083c8c09ac05db5bbc6f8efad342aaa15
2025-10,2025-10\21UBE0022_苏E02625F-2025-10-14.csv,4719,04ee24627eba5e362b77b3d340f2f192be6929d1b90465f22872e736f5b2b6fb
2025-10,2025-10\21UBE0022_苏E02625F-2025-10-16.csv,22079,d2e2b72b68dda31579ebbac9af816704bd335f4a3cdb7b033eb73f4a4a7ea313
2025-10,2025-10\21UBE0022_苏E02625F-2025-10-17.csv,1422597,7bd19062b78f8e8e09c881fbc20893d1794e8d68f8429095cc162d48d83ab276
2025-10,2025-10\21UBE0022_苏E02625F-2025-10-18.csv,10180586,3ceffb1def027b53eae4d5f8b8f3e86de4e37d29c2a4cf7bcb1b52cfdf56667e
2025-10,2025-10\21UBE0022_苏E02625F-2025-10-19.csv,15534176,514de31041fa2ef9a0f670146f23891bdac61fa46d3f904dfd6241618e9c9f7f
2025-10,2025-10\21UBE0022_苏E02625F-2025-10-20.csv,15530327,4d0f63f2adbe7b5b60edbdd0fa97b5b3e7cfb81ca53a608c3347556e2a772bec
2025-10,2025-10\21UBE0022_苏E02625F-2025-10-21.csv,15629939,e785081b7e59c1f73479f5fc4f8b9e0e1f571588d2254a64112ce2e9481be6c4
2025-10,2025-10\21UBE0022_苏E02625F-2025-10-22.csv,15535693,597376f90e7348f00516ef8b8744eb5849b5b2d216ce83242ebc112d5dfb7565
2025-10,2025-10\21UBE0022_苏E02625F-2025-10-23.csv,16779025,589fab15a5c0a1261c88ceb3522903cf48fd4890724f985e5eedca78d0922c71
2025-10,2025-10\21UBE0022_苏E02625F-2025-10-24.csv,14803363,3f0855795494fe66c854b87c3cc414985f1ef18d24b4ca9fc2cec6ec07d853b9
2025-10,2025-10\21UBE0022_苏E02625F-2025-10-25.csv,15570912,accbf3f9442362a12fa831349df87a3af3e67eb151c33b5346070c7d616bc01d
2025-10,2025-10\21UBE0022_苏E02625F-2025-10-26.csv,16126558,4128fe398186a5344073c17793553a4240f8ee26aade63fc57c9fd7d4ff3a0da
2025-10,2025-10\21UBE0022_苏E02625F-2025-10-27.csv,14245800,db34c662ff6e5b1736662f7bafa9a986603855e2659f6fc31655603e7e89c771
2025-10,2025-10\21UBE0022_苏E02625F-2025-10-28.csv,15635254,d9129c4bcfeba19026d1c35d9d7f01c5fec9bccf6cf08391bede7dda61392944
2025-10,2025-10\21UBE0022_苏E02625F-2025-10-29.csv,15422784,dd64ac3da44143a31ffac01d66f423a6bf0f46228dd6140f6408063d05e5b3fc
2025-10,2025-10\21UBE0022_苏E02625F-2025-10-30.csv,15714608,c2b371ae99b7137ad6be05e82fdd3612cedd0bdd00f1da4118aefb24298adc45
2025-10,2025-10\21UBE0022_苏E02625F-2025-10-31.csv,15485360,2c4c91e6ce7814f1bc9d917b5d64b27c6d80a30a0b868ba2dbe68006c5d08a6a
2025-10,2025-11\21UBE0022_苏E02625F-2025-11-01.csv,16242926,fab756baa6e49d839ea3fcc2155ba808ddb7999130c66c8d1a85929407a6939c
2025-11,2025-11\21UBE0022_苏E02625F-2025-11-02.csv,15732833,e65973991f7d5c620fabbc8f5f1949a1ae54795f4b519189c5292c6729767630
2025-11,2025-11\21UBE0022_苏E02625F-2025-11-03.csv,10957939,f129632c5e78c6be0ce5366498cab06c56ea9a3ae7826e454783863de997d7e1
2025-11,2025-11\21UBE0022_苏E02625F-2025-11-04.csv,13121708,34b1e59a4306da7f763020cc99d3e0c9cb1b98f1af3d833c38f28f36930dbccb
2025-11,2025-11\21UBE0022_苏E02625F-2025-11-05.csv,15518003,f7c95bd27e77968fa98aa3125fa7c8cfc4b65b3f783a3c59cb3b3a6fb6909993
2025-11,2025-11\21UBE0022_苏E02625F-2025-11-06.csv,15665582,1e5e9c6955df0d31a3c04762299d0fbbb0eeff53bc03b03ed481223fc68b7c83
2025-11,2025-11\21UBE0022_苏E02625F-2025-11-07.csv,15529113,3d8a65a5e34397f5cb6ef88f30f8f2b6829e6dc8107f8a47c7fb34ffbbed83f2
2025-11,2025-11\21UBE0022_苏E02625F-2025-11-08.csv,15582910,532539820978afaaf4101a2fe71f99b37afac3bc3b0e98c7272faa57746553cb
2025-11,2025-11\21UBE0022_苏E02625F-2025-11-09.csv,15479947,56c1169081f6682adc96d95d9931446374ed9ab217536685a57a77d45873bfbb
2025-11,2025-11\21UBE0022_苏E02625F-2025-11-10.csv,14161398,b6f3d35c65040e5bd745eeb487f15cb614627f69cd3639068f667f1c6fd8dd9d
2025-11,2025-11\21UBE0022_苏E02625F-2025-11-11.csv,15583593,b46134cf5f2df5471f309b254c7e31a314407c8236109bc50f9aea06cb288446
2025-11,2025-11\21UBE0022_苏E02625F-2025-11-12.csv,15150663,a1cf02a531a7851ce8cae5f508e32a9d32296f300d83dd329d147cb84bd7a0d3
2025-11,2025-11\21UBE0022_苏E02625F-2025-11-13.csv,3908987,6f3e726071f124a849b4ef2f52196934f796bf18e958770036ef3a3ff4246dec
2025-11,2025-11\21UBE0022_苏E02625F-2025-11-14.csv,11763551,bb34bbd5198bd13c08592a00d95fbc8b8e249bd8dc47342bf8d52895bbb802c6
2025-11,2025-11\21UBE0022_苏E02625F-2025-11-15.csv,6164522,65b44653de643e16b776f4c01cfac5b2f4c893e4933647530482ce73a5830482
2025-11,2025-11\21UBE0022_苏E02625F-2025-11-16.csv,20700562,3d667256996b5755ee10be598b761377a06327db67b647c7d5fcc2e2dd7aade7
2025-11,2025-11\21UBE0022_苏E02625F-2025-11-17.csv,20972552,c50745953b268979b3c14ca6b69f5972a1bcdb67cdeff81405258ad7cfc14be3
2025-11,2025-11\21UBE0022_苏E02625F-2025-11-18.csv,21124361,632dc268fc964ffbf60878dfc66b492dba08b1549a0778dd169d500e4e837698
2025-11,2025-11\21UBE0022_苏E02625F-2025-11-19.csv,17775794,2a8fb535cc32807529d68e50603d24dd80ab4ba2be74cafc77b3a9ea8574b968
2025-11,2025-11\21UBE0022_苏E02625F-2025-11-20.csv,21067792,843466689173d94197abcfe1486b2304d5d20f8b4d2977fbe5356be68572e35c
2025-11,2025-11\21UBE0022_苏E02625F-2025-11-21.csv,21258542,198f580bdefeb1393858629c5e3e8e214d18336e80d01cdae41b1fb5b5a10bc0
2025-11,2025-11\21UBE0022_苏E02625F-2025-11-22.csv,17825480,b93c38e33603bda5f7482a8e0989c06ccb8317f58724797a66224171d2b94060
2025-11,2025-11\21UBE0022_苏E02625F-2025-11-23.csv,20905238,34244a7184923253d4b5c297531ba206e440b4ec4146d46377ff1ae737b60d44
2025-11,2025-11\21UBE0022_苏E02625F-2025-11-24.csv,20825539,a4e1bf02615ec3b17fb2674d2b0d716d6f11227f0d82369a556aca5a5d72566c
2025-11,2025-11\21UBE0022_苏E02625F-2025-11-25.csv,20837405,59bc6ba5efa43adc34e38888f46f65dfbcdc82994a7f4716b890849e09055f47
2025-11,2025-11\21UBE0022_苏E02625F-2025-11-26.csv,21013465,1b764143160867c6693285032dec73b4d2a84f7dc4491c431d2b6ec2a9fa8a74
2025-11,2025-11\21UBE0022_苏E02625F-2025-11-27.csv,19558606,db73766f5ca8b6ee9c6c45ea92638b47bb4ee3aa17999c956344b90780230048
2025-11,2025-11\21UBE0022_苏E02625F-2025-11-28.csv,19068995,c4a2a36b3009fb2436e4083877a22b32ea6d048a6d4b1094cd024988d10dcd68
2025-11,2025-11\21UBE0022_苏E02625F-2025-11-29.csv,21644648,5f3a9f8b76466ba60b21ebb1038e33819a79154dcb3144e7e6ddda2800ac0d9f
2025-11,2025-11\21UBE0022_苏E02625F-2025-11-30.csv,21114368,357f37a3dc65e0c87ac7f8a87dd3d6cb8bc279da749d38b10e93f9399fa0049b
2025-11,2025-12\21UBE0022_苏E02625F-2025-12-01.csv,17932844,8cfacc7d94f5333469112a6f99cd1427efc12a90e9c4ee003177fd5ac78f3d38
2025-12,2025-12\21UBE0022_苏E02625F-2025-12-02.csv,21146383,45f57226ba8a2663d2875cd73fa82ceb6fa5705a7e356ff0f2012a3b4b1cb1fc
2025-12,2025-12\21UBE0022_苏E02625F-2025-12-03.csv,20968799,2453af59140398519dab5320ca0d6d54e950fb38b916608e0faaaf07d61623e9
2025-12,2025-12\21UBE0022_苏E02625F-2025-12-04.csv,2928954,66673a74c03fad7a2d873c26d9d7bed30f54a425753f5791475a25acd4f282a5
2025-12,2025-12\21UBE0022_苏E02625F-2025-12-05.csv,11365919,626b788601e11bafd1ff92cfde157922113ca31aea23f383ac0e9e6ac948682b
2025-12,2025-12\21UBE0022_苏E02625F-2025-12-06.csv,21174012,6791a512c851a6619e50837cde372825717b7246bd7c9ff863a865f6aea09397
2025-12,2025-12\21UBE0022_苏E02625F-2025-12-07.csv,19110312,cb36875fd95bd0f8dcaebd9ce79c46a8f369bfed0e7efc40823b1ec73162cb1a
2025-12,2025-12\21UBE0022_苏E02625F-2025-12-08.csv,21361088,41703871336fe96bd126dca72dab6a2ac8999b241da38d4c85166e4953476df4
2025-12,2025-12\21UBE0022_苏E02625F-2025-12-09.csv,21578663,25449c459b00296d3047230df69ef768e64248cd5b1b60a913039b826a5aa087
2025-12,2025-12\21UBE0022_苏E02625F-2025-12-10.csv,17369095,c64428e238024c1f9bb953313229a42da76159d8f6e5778ebe42d2df321edf2c
2025-12,2025-12\21UBE0022_苏E02625F-2025-12-11.csv,21495514,fa5a916ce55ec0847cbe8bfe7ce03f93aef8ff2bb4c5c560289b606e19b5ae05
2025-12,2025-12\21UBE0022_苏E02625F-2025-12-12.csv,19242207,a64e2c229ea3b57a070c15d04706da65a4f434a97e382f0ea4e44db25606feb3
2025-12,2025-12\21UBE0022_苏E02625F-2025-12-13.csv,20944272,289428303f9bc43261120ece586f148fe57de2897318d5130cd98141fb60f3c7
2025-12,2025-12\21UBE0022_苏E02625F-2025-12-14.csv,12920501,61b0a780da377bc02d2259b10f28c4309d59a86afde83aa17b6f1ffcc75c61be
2025-12,2025-12\21UBE0022_苏E02625F-2025-12-15.csv,13263559,a4302e7ae22789cbef834a568e5bc580b203ab23ac8cc1d5bec79f5cff3511f4
2025-12,2025-12\21UBE0022_苏E02625F-2025-12-16.csv,18639203,7a55e69050e7fbae54f210880f6b351ae996afec69225da127a3e0532712f191
2025-12,2025-12\21UBE0022_苏E02625F-2025-12-17.csv,21221961,95e81787b8c5264a92eee91365476e21a5f3e2e2f3a21467736791cc62ca63ac
2025-12,2025-12\21UBE0022_苏E02625F-2025-12-18.csv,21402314,9d546eab0f4ec5c6f696e9d2a1ddb436f2ae2e621be8521945d616f12db8cbce
2025-12,2025-12\21UBE0022_苏E02625F-2025-12-19.csv,17749046,6e110222427a8c659f4b7c4d48829ff353e97b96b22a20fe3896dfc1f026cdaf
2025-12,2025-12\21UBE0022_苏E02625F-2025-12-20.csv,21343466,4c8eae7115b20bd6799cb76633e6fea49e32ae53934d09584ef8b5ad7b398cc6
2025-12,2025-12\21UBE0022_苏E02625F-2025-12-21.csv,19005291,46a2a61bafc907ce0d6e683fceeb17b8fa5b860a1f6b98dbf25e7e21e357ad52
2025-12,2025-12\21UBE0022_苏E02625F-2025-12-22.csv,20896125,d898dd182d8560babe93dc0b72901f8b3c426554fd49c244639494dcd03bbcde
2025-12,2025-12\21UBE0022_苏E02625F-2025-12-23.csv,21189072,1ce0e517dfdef662dd474d4cbc9437051ea0181ab6ca6e987438b2ae1e6d2b57
2025-12,2025-12\21UBE0022_苏E02625F-2025-12-24.csv,21100630,0513df487d280fbf9b6b141c829381e39f36d079ad593721098e52236ec2834c
2025-12,2025-12\21UBE0022_苏E02625F-2025-12-25.csv,18497877,0fa9da633733b7990c8d92cf32f1536c3a38eb7c7b02e041ad59097140bc8b4d
2025-12,2025-12\21UBE0022_苏E02625F-2025-12-26.csv,25757735,37a1da577a4db5b68982abb8b30f9a83ddaf94022ae3279fc3e359f1c09d2972
2025-12,2025-12\21UBE0022_苏E02625F-2025-12-27.csv,22090501,86106e3ee717f8bb7e3f4af5635dc7f8d218e8bff1c4f30978c91236cb591718
2025-12,2025-12\21UBE0022_苏E02625F-2025-12-28.csv,17272676,fe75abbafdfc9ccb489186f64560fd68f7a9ace88c150e8b0846c1ccafee1799
2025-12,2025-12\21UBE0022_苏E02625F-2025-12-29.csv,16297979,90ed4815bd1c21eec41db67735d6e9357511b2e8c089a4cceefd34889962164f
2025-12,2025-12\21UBE0022_苏E02625F-2025-12-30.csv,488383,9e953bffb44c438cfe2af635528383f2ef2ea8c14fb6b4bf4129abf46493bcbd
2025-12,2025-12\21UBE0022_苏E02625F-2025-12-31.csv,2017991,be261714c78b3e99f114c1cad8cb7574c0a6fe45f6b7526ecf3c93693849d58f
2025-12,2026-01\21UBE0022_苏E02625F-2026-01-01.csv,8129954,ccf4855319c4d3d993cf816c2d23cc53f4ccffa288b0c22684f6f217bef3ba68
2026-01,2026-01\21UBE0022_苏E02625F-2026-01-02.csv,20995538,ce667caa7127676a1276e8dadabfca8fdf6f100f2eaab2629d07f2f5d87c2d95
2026-01,2026-01\21UBE0022_苏E02625F-2026-01-03.csv,19482269,bf45e79da5ccfec234b656c931839899ab60c117246fc32e0d29e703932c197a
2026-01,2026-01\21UBE0022_苏E02625F-2026-01-04.csv,33820075,50530c7d547cb72679769b5f7335796eca3edb7792f766ccf98b8b94efb9b8d7
2026-01,2026-01\21UBE0022_苏E02625F-2026-01-05.csv,29671840,c9efc09c70f2572abcdf971958f73fce6bc46efe91324bbd5e48e06a515cf862
2026-01,2026-01\21UBE0022_苏E02625F-2026-01-06.csv,17699191,de69256446d50731d4c7c41e2f9ecbf53ec5a3b6dc137a5d87a5dda75c040a92
2026-01,2026-01\21UBE0022_苏E02625F-2026-01-07.csv,21142948,eb3a685fb278e00ffbb4d5cdc6dba8c382ae204aa8cff79e8709727e5c4ea949
2026-01,2026-01\21UBE0022_苏E02625F-2026-01-08.csv,19144494,207f96975f6f070a3e57e3489b24ffe6dcb027b10a733b89dd110486ab731bb6
2026-01,2026-01\21UBE0022_苏E02625F-2026-01-09.csv,20977591,6e8812b2f4d295125b83ec89e8aa371877e74feba3249609ade2ec85da17d107
2026-01,2026-01\21UBE0022_苏E02625F-2026-01-10.csv,20509401,ef647e9814c6eab07f20fc364d20d6154e223793f1ffedb60d06c68a53dad0b9
2026-01,2026-01\21UBE0022_苏E02625F-2026-01-11.csv,21002698,d63ed81060b4ee729b9f9b4ab3e8e934d9c712aae50768680cf380f3d1ff1a18
2026-01,2026-01\21UBE0022_苏E02625F-2026-01-12.csv,17825776,be6e6ca9b4f66dce731861005d686715e040dd3f8e5c11a25feacc450f16f6d7
2026-01,2026-01\21UBE0022_苏E02625F-2026-01-13.csv,21079149,27fdb0b8b928b0851e0c91539610e8c023f0b9d9b8ef05764c4fe216ff7f0afc
2026-01,2026-01\21UBE0022_苏E02625F-2026-01-14.csv,21091355,69c57e90675133e68e9838462eeca0483392ce2d06fdbec455f0f9368de50e77
2026-01,2026-01\21UBE0022_苏E02625F-2026-01-15.csv,6133349,92f8e7a04e825a442838434f1b03550af965d2705367c116cc7fb2cc741c4582
2026-01,2026-01\21UBE0022_苏E02625F-2026-01-16.csv,17033919,b27fb86bad908930e1fbd9979855fc5fc20bf80000fbb17917f70e1e5ef1a3f4
2026-01,2026-01\21UBE0022_苏E02625F-2026-01-17.csv,21200685,125bb916ad0584728266bb74ef515c3284dca54277725fa02c3707e64926306a
2026-01,2026-01\21UBE0022_苏E02625F-2026-01-18.csv,20855740,1827f1d29420b95bcdcd2799c0216fec1f2ea3eee1760c4f85337330ac6993a6
2026-01,2026-01\21UBE0022_苏E02625F-2026-01-19.csv,21113032,02e7e06e647529b582757552886b7284c91be8834b0fd2aafb97687904e9f0e8
2026-01,2026-01\21UBE0022_苏E02625F-2026-01-20.csv,20993750,b4868b4c56195a9e1fbf9c319a8822f1bb02d096810233072871c0ecaf920126
2026-01,2026-01\21UBE0022_苏E02625F-2026-01-21.csv,22186703,ba20ca097ed5951c09bb22dee1413ee1f5303e4641f7c0f63058f22a0d781260
2026-01,2026-01\21UBE0022_苏E02625F-2026-01-22.csv,32985311,50644013907510fedbe7f0c194a9ca0a7e437f0339c6b5a6b27afcceef5650aa
2026-01,2026-01\21UBE0022_苏E02625F-2026-01-23.csv,31508271,3c693b0835c384b423f7b38f107eee39f0cbf9891907b8210a0ad1184d2711e7
2026-01,2026-01\21UBE0022_苏E02625F-2026-01-24.csv,25943637,69122e13ef3cb196cae0390ac81352b4b484d8ae1872868d4cb0b2f7f48e233e
2026-01,2026-01\21UBE0022_苏E02625F-2026-01-25.csv,21016936,9c8798fe33e5545ff41ff9c9c36a7cd797cf192500b8967f312c0a0d7541a2ae
2026-01,2026-01\21UBE0022_苏E02625F-2026-01-26.csv,19031271,7fbf7cf5e57430f3045f95d374a697e012c5d8933b29286441b65a8dbe0f7c93
2026-01,2026-01\21UBE0022_苏E02625F-2026-01-27.csv,21002212,c631dc922cdf155282fbc1f851fa6def9903f4911a55be5ce3230c5e3b740238
2026-01,2026-01\21UBE0022_苏E02625F-2026-01-28.csv,21134035,3f7ec38396491a8181b49f51f0b25d6f30d844687cc8dbf08218730e70e23c5b
2026-01,2026-01\21UBE0022_苏E02625F-2026-01-29.csv,20968048,ac7f137cd4e7c46226c1692aa7c45aba579c01f487016963bb2a144d28d568b6
2026-01,2026-01\21UBE0022_苏E02625F-2026-01-30.csv,18481233,0ede2fa5c1d2fe7f37b85da339edce14378a14af114235b0645e540ab38fef97
2026-01,2026-01\21UBE0022_苏E02625F-2026-01-31.csv,21018794,be6354369ff816a436d89972c22c8bc001ba825ab8c7ac30980e8e564c5cb6bb
2026-01,2026-02\21UBE0022_苏E02625F-2026-02-01.csv,20724802,087cb8d23fafcfb49993f5aa453102d1a7202a122135e572fe2f20eff0037c58
2026-02,2026-02\21UBE0022_苏E02625F-2026-02-02.csv,19363728,0fe23c72415ad0a44376e0033f9a8334fb68d816cfb938272fd6c1f4f66e2b35
2026-02,2026-02\21UBE0022_苏E02625F-2026-02-03.csv,20815012,f016bb41eb72a05554303a8944802e56bbbfbb3eaa3994ac5641df313513dc8c
2026-02,2026-02\21UBE0022_苏E02625F-2026-02-04.csv,21147768,b63fe0a4bff03a6b9f9f6194ad60788bb5ebe78a24d16515efe0a79d06735470
2026-02,2026-02\21UBE0022_苏E02625F-2026-02-05.csv,21011366,66d1a33d60bd2698ecab46562384584e1174c7df643856f4c765d413dd1c557c
2026-02,2026-02\21UBE0022_苏E02625F-2026-02-06.csv,20924201,19c303c5618beedca28da73aacbd214211d6e8b2df14d23a7549d607e7484280
2026-02,2026-02\21UBE0022_苏E02625F-2026-02-07.csv,20963135,1ad08f560ebd9193f4dedda28af4a0773b832c400c8736ea2b030a981c5ca810
2026-02,2026-02\21UBE0022_苏E02625F-2026-02-08.csv,20243278,025799c7bfdd0de821323f842ba4e36c20d9471e0c1fe89ba926fbe2de444a90
2026-02,2026-02\21UBE0022_苏E02625F-2026-02-09.csv,24607953,e31431f22120a3b84c5f7eba6fbf1bfb84c2a0ead86c3b7932dc75f75943d9f5
2026-02,2026-02\21UBE0022_苏E02625F-2026-02-10.csv,14292571,8d06d210fdb1c54d5aacaa42ed1e1dfe09f525b52d5231b48425e7d34279793b
2026-02,2026-02\21UBE0022_苏E02625F-2026-02-11.csv,18977671,e59bea0703a87a2efb6e7e637d7280231a0a4ee453772036c64ff785b30ef0a8
2026-02,2026-02\21UBE0022_苏E02625F-2026-02-12.csv,18758728,f8152410b63356d3933c50aaaa80422f094013ea76f065d130353cf2ee53f73b
2026-02,2026-02\21UBE0022_苏E02625F-2026-02-13.csv,21068346,618ca4a19cb5e54a1dbb0792e66f09fc254da2c02e775b97a06b98a244fc8fe8
2026-02,2026-02\21UBE0022_苏E02625F-2026-02-14.csv,20110282,b6a5dc96f32d2560b23c0020b53a870c17ec7261a89e0d7cb9979ae193139540
2026-02,2026-02\21UBE0022_苏E02625F-2026-02-15.csv,18798487,85f829fab2df27af3e1513cc99fffa9be600155e4eaab7b62bee1fa2b5aba21e
2026-02,2026-02\21UBE0022_苏E02625F-2026-02-16.csv,16188138,f48d2ed23954330a1ce465932fedb705eda159742916c7e5fbb3de068cebcc50
2026-02,2026-02\21UBE0022_苏E02625F-2026-02-17.csv,12604971,4a0bf3a6d0f83395ff044956d882d146f91a44091b35f7f5cda86e2e8a1f95d6
2026-02,2026-02\21UBE0022_苏E02625F-2026-02-18.csv,11638208,4c8c97c4f330c21c42792c4bd7413bd5e647ac8ba1650974d1631f89622422dc
2026-02,2026-02\21UBE0022_苏E02625F-2026-02-19.csv,15670264,087a20c1d7776cb104925534c21424f3f4eebdf5a5ac677caef572383f321a83
2026-02,2026-02\21UBE0022_苏E02625F-2026-02-20.csv,13804477,47bddf70dfe32fbf3322a63316a018b758fb91797e40d5273ac16804d9f4419a
2026-02,2026-02\21UBE0022_苏E02625F-2026-02-21.csv,12357902,e80fe7acf64cd5d2633f4bb9ed3a541627dff200c4ac5c59d5b46a5ff6eb15d3
2026-02,2026-02\21UBE0022_苏E02625F-2026-02-22.csv,12345255,cd9f42fa56ef0f3584581a80947945d5ec68d3fccfb1fd65eb57b10cfca0ee56
2026-02,2026-02\21UBE0022_苏E02625F-2026-02-23.csv,16116600,36e6a1d962257ea0be7d1bda0d8d8e881ab61023b8ae538864f0e32fc785acec
2026-02,2026-02\21UBE0022_苏E02625F-2026-02-24.csv,10653236,e1bf43dfa1ed61bd37118476f3d73e3dbc9155b8ead4a64632e0dc4adb9922c2
2026-02,2026-02\21UBE0022_苏E02625F-2026-02-25.csv,19727862,23704d53e1fa4d7f8c51b1eb3091033e4a9389bd17f85f9f00e022f8623615af
2026-02,2026-02\21UBE0022_苏E02625F-2026-02-26.csv,17982978,6810dde4b7bdff27b7308b84c4d54e1e3d2945fbf1192fb5c3a0cecc51031d3a
2026-02,2026-02\21UBE0022_苏E02625F-2026-02-27.csv,19268278,a4e36156161076c73ad230bdc85dbcad95cb01af7a2e2c1262ce3276c62cb4fa
2026-02,2026-02\21UBE0022_苏E02625F-2026-02-28.csv,19912829,da9c2fb37664479b1ffb1c3b986f3331a0ebf70f9278bbf6ae16a5f58e608b9d
2026-02,2026-03\21UBE0022_苏E02625F-2026-03-01.csv,17655571,b7703c74b3a732bd47250d58ca253cd207c14590414ccae9d28d23f8d6f48840
2026-03,2026-03\21UBE0022_苏E02625F-2026-03-02.csv,18722593,61ee2c752e5c81f5ad4753047200de26e4d560273b5cc539f4222c0e08b0672a
2026-03,2026-03\21UBE0022_苏E02625F-2026-03-03.csv,19437983,2042171997914526b950e3f8afacdc530c7a717ed597d54ee43f379de7a584e2
2026-03,2026-03\21UBE0022_苏E02625F-2026-03-04.csv,22041502,5a365db8768830c913ec2f93461163770a028e77d4d58271d0c7c619112a10a5
2026-03,2026-03\21UBE0022_苏E02625F-2026-03-05.csv,19005713,ff73e45781183abcbcfcb0db9ca81ca4a675ea5e40ddd4d91eb9149833010ba4
2026-03,2026-03\21UBE0022_苏E02625F-2026-03-06.csv,13336941,29880709db172c240d75c2da9becfccee3cdde34fe6a5dc14e116147f0badb69
2026-03,2026-03\21UBE0022_苏E02625F-2026-03-07.csv,17474,70b0d2815eeba58a78555ba792feafd34515cd49251f61c85f143d7dec91ee5f
2026-03,2026-03\21UBE0022_苏E02625F-2026-03-10.csv,182825,0215f2cb77656210c4a768eb22669a94bab73ba3ba5a3c742a035afae84798d9
2026-03,2026-03\21UBE0022_苏E02625F-2026-03-11.csv,10259007,6890b2cea9bcf52f7e695f3388a37235df701b5cf16f837cf706047a1d61d268
2026-03,2026-03\21UBE0022_苏E02625F-2026-03-12.csv,20029471,93652e4ce140f36703961bb613b9dae61bc4db0f6fde04f58e0ca5ea2a275bb4
2026-03,2026-03\21UBE0022_苏E02625F-2026-03-13.csv,20903477,5713c14d4f48e6e9be87088e60a45cbf5f8bd460a36d4631a2cee540317b9ff6
2026-03,2026-03\21UBE0022_苏E02625F-2026-03-14.csv,19118441,c83a64e0c991dc893523a7767d837080837c34335b20ef24c1d7a34952807928
2026-03,2026-03\21UBE0022_苏E02625F-2026-03-15.csv,19813992,4ff12c56529c04204d114f970a6d6c03849dba45e115a81a68b1631ce1d9a962
2026-03,2026-03\21UBE0022_苏E02625F-2026-03-16.csv,4636345,306d85142ea51dea283e8cb3c68c7378d5557b4bb09614e054af035f54357a1a
2026-03,2026-03\21UBE0022_苏E02625F-2026-03-19.csv,13749837,de56e4b68839c3b6146845bda3ebd0140acc6593d1027ba1d8d760fec13f707a
2026-03,2026-03\21UBE0022_苏E02625F-2026-03-20.csv,18681626,029f8445f33fb1e3816144f41eb9d4782aaac636227b763886a8f0c8a00dcc2b
2026-03,2026-03\21UBE0022_苏E02625F-2026-03-21.csv,21210388,a84c08b4de54935075341899ede0cb298f6f2d1767b70c20a75ce579ad15d9da
2026-03,2026-03\21UBE0022_苏E02625F-2026-03-22.csv,20789990,2e44966bb29111922ebd67d723003d6427169b57b481700bbfd4991d3fb7f7eb
2026-03,2026-03\21UBE0022_苏E02625F-2026-03-23.csv,21320205,5bfccfaa1fedc1544211a02ef260997b4f294a58563e2da8080f2aee5ddf41f6
2026-03,2026-03\21UBE0022_苏E02625F-2026-03-24.csv,19825821,e5a02b44858958131c45419dd09449fd457eb94c0c204ef09040981831e0b5bb
2026-03,2026-03\21UBE0022_苏E02625F-2026-03-25.csv,5074842,e748e02001b3db57dacc0082ab388d36ca2253969b3bb5bf61f1b05b6889c80c
2026-03,2026-03\21UBE0022_苏E02625F-2026-03-26.csv,10503952,8b174060512f551ad3154debeb8ee85ceba5eb92971d8ef42a6ef17d2c552072
2026-03,2026-03\21UBE0022_苏E02625F-2026-03-27.csv,2368155,836ea9cbb03a7a2cdafd27f155e9169c732965412aa5a823f8f097f94bc472f7
2026-03,2026-03\21UBE0022_苏E02625F-2026-03-28.csv,15169315,36293e5bdace398b81a23934b522bbf4611a6665000c30502aee4b8222f59875
2026-03,2026-03\21UBE0022_苏E02625F-2026-03-29.csv,18608933,6af08dde88ca85b45421707dac8e3ba1b560dae827fcbf5e43619388b44c5880
2026-03,2026-03\21UBE0022_苏E02625F-2026-03-30.csv,20987082,872aa6ede906fc7669a2ac2d70a5a0cde3ae3324d9a315d943f7e41cb5ccf8f4
2026-03,2026-03\21UBE0022_苏E02625F-2026-03-31.csv,21115755,7484bd4d4e09ac251a248f45ba17f14996667e9e15246f74f0f204e43ade5cbe
2026-03,2026-04\21UBE0022_苏E02625F-2026-04-01.csv,19227732,8eec8aee69971bd3920a2ca09475cd59d364633dec5fb0ad880f397b451eb50a
2026-04,2026-04\21UBE0022_苏E02625F-2026-04-02.csv,20971034,3c0e6c198e67c734c27f706e3e8ae96e31e236193acd6f614c64fb40ba09452b
2026-04,2026-04\21UBE0022_苏E02625F-2026-04-03.csv,18547554,ab168c85f5d57229ebe80377c9e8353b9a6645de51df34e59c3fef031480a9df
2026-04,2026-04\21UBE0022_苏E02625F-2026-04-04.csv,19394909,a1ddc6196eb509e15274ae7d795cc7cbfad7d4fd5473a1df667f5ca86d384e97
2026-04,2026-04\21UBE0022_苏E02625F-2026-04-05.csv,21051645,a88695030bed840d044032a0217da7d590285b72be4dbb37b2b118c339a2d938
2026-04,2026-04\21UBE0022_苏E02625F-2026-04-06.csv,17408600,20f08dc277e7886941d2e08f97b36359e9b4090ad110ded9b8f0ffb59eaefaff
2026-04,2026-04\21UBE0022_苏E02625F-2026-04-07.csv,18867071,f17d252ea014fec2195ae9ea18bd77353f429dcb1631c401117e22e85f847386
2026-04,2026-04\21UBE0022_苏E02625F-2026-04-08.csv,19264786,274ffb818692804725a796ce767876b82d3ef35e47a532b1c550ce53090a7652
2026-04,2026-04\21UBE0022_苏E02625F-2026-04-09.csv,21667610,c78c7a056317fefa9311625fd116e9c16234d69bd88a273e1ce4c15fec414f10
2026-04,2026-04\21UBE0022_苏E02625F-2026-04-10.csv,19028208,20a25d36314cea75747a7e47f17e7a9e44bfacd3fd00eb1bc1bbcf9c36a0d04d
2026-04,2026-04\21UBE0022_苏E02625F-2026-04-11.csv,20888528,0338adf23c3977cbd2b63eade79642c7ca4e44609f5c23e65884213a2c9fedbd
2026-04,2026-04\21UBE0022_苏E02625F-2026-04-12.csv,18098483,a1569a0ddd379ad90f96ec415ba511345681eddf6ae9824213d625142669ac26
2026-04,2026-04\21UBE0022_苏E02625F-2026-04-13.csv,20996606,ff68e13f58ca175bb99954493d71d9adf881b366366b759d28bd3d78ea8c07b8
2026-04,2026-04\21UBE0022_苏E02625F-2026-04-14.csv,9590738,cc1d71137ab1a618a9607efdee0a4c26766dd9402de5f59d49225e9449ff6344
2026-04,2026-04\21UBE0022_苏E02625F-2026-04-15.csv,11581865,a5474fe65937f2a2c1a0b932d382c39e10b086c1e65ef454ee7b219823677a59
2026-04,2026-04\21UBE0022_苏E02625F-2026-04-16.csv,18913135,c0bd7f04ef1d82e29075fddecf250761e8ff8ca8c6cc089c67bd9ec28b713d11
2026-04,2026-04\21UBE0022_苏E02625F-2026-04-17.csv,21004178,d55a264aa48bbe794d8f6c6b2468c143f7eb58ea9d6d5d97f5b58852b1f25f1c
2026-04,2026-04\21UBE0022_苏E02625F-2026-04-18.csv,20879812,308ca2d8360da58213b6e7bb2299b2031b58e20d5ba659136a1108c02597ac61
2026-04,2026-04\21UBE0022_苏E02625F-2026-04-19.csv,18710849,6ba90e40a3fb6a60edc9ad6bae35150df7fee0d1bd6bed3c1a7c56b20099e6ac
2026-04,2026-04\21UBE0022_苏E02625F-2026-04-20.csv,19279989,2e5bdc09c5fbd802fb4b1cafca3676cb58473dc6c1a7b2d307cb65b068ee2728
2026-04,2026-04\21UBE0022_苏E02625F-2026-04-21.csv,17711516,b017d6b8553d791ac277c6855603100b8ad9b5fb9e3bea484b734f289c95cbf4
2026-04,2026-04\21UBE0022_苏E02625F-2026-04-22.csv,19467996,37a737a921cb3c009b45425ecefd3ad56d1285d9f633f5f73c96975fb30f0e37
2026-04,2026-04\21UBE0022_苏E02625F-2026-04-23.csv,22107471,9740e0e12c50e24acf79b537c763b07556359a8877270962f9f36cd57492176d
2026-04,2026-04\21UBE0022_苏E02625F-2026-04-24.csv,17676793,d1072cb3509f8de8aa128621e0a422da4b92d9c7693f8abfbb854d0a2bc8fbd0
2026-04,2026-04\21UBE0022_苏E02625F-2026-04-25.csv,18779857,40d0abd62792c699bda01fe37ad917e1a84b6ac4d15524d22f90e6b7faa58547
2026-04,2026-04\21UBE0022_苏E02625F-2026-04-26.csv,21668674,9e5b9f3216c4458f52c8023a9ae53256edf4be08a38a3dd5891044c90c8a1b25
2026-04,2026-04\21UBE0022_苏E02625F-2026-04-27.csv,19078185,0a38b9647795f12dd479c1b2685b2c0e4ed1c7f50d65b2ecc48f6618939f8ef2
2026-04,2026-04\21UBE0022_苏E02625F-2026-04-28.csv,18720687,2c32232ffa4efc7602d73178ea5794b9769ff14d08bce58aa9cc2c7a469d12d1
2026-04,2026-04\21UBE0022_苏E02625F-2026-04-29.csv,21130078,82b6aeb1eb2721f7ad9c95b2496a23b435d63ec7ec1528e0f1a8b8baff86da29
2026-04,2026-04\21UBE0022_苏E02625F-2026-04-30.csv,18310189,53e7c7ee5437d8d747e0315d41c0ca2a9505e7ac0bd9cb7012984bcf855828fd
2026-04,2026-05\21UBE0022_苏E02625F-2026-05-01.csv,19442935,d86140ed71dac444907750384ac548507b8fbfb5deacff751a4300b43141c976
2026-05,2026-05\21UBE0022_苏E02625F-2026-05-02.csv,21896371,d92a41322edd606d1045c8a63009473e4ed4b659345b02b016bc6d57f26ee55a
2026-05,2026-05\21UBE0022_苏E02625F-2026-05-03.csv,17939254,ecbe33e8f42feca0e5bceed7e75e1313a25eb015786484d33d06eeca7925ceae
2026-05,2026-05\21UBE0022_苏E02625F-2026-05-04.csv,21266962,cc219d8dbd054c32741c28241c2eccbfeb9fed456b95bc6edf548a9e56aac4cd
2026-05,2026-05\21UBE0022_苏E02625F-2026-05-05.csv,20899167,3a7a4f1852598d1791de3bf6573b31c805ac7839214aa8edd926b1cffecf8edd
2026-05,2026-05\21UBE0022_苏E02625F-2026-05-06.csv,18925786,d6c3e45b0cf6db0f88be9680d26e4294b66c034588eb01bd4f777bd3cbfe8495
2026-05,2026-05\21UBE0022_苏E02625F-2026-05-07.csv,21354753,d6f9d17932e8e45d1006170a45263f6d907a45d4452919e35e53c43e6787be69
2026-05,2026-05\21UBE0022_苏E02625F-2026-05-08.csv,19445894,0857337f87db6393b1618ff65f0a787332ce6a785ca84e229754ff7e41f1c5b6
2026-05,2026-05\21UBE0022_苏E02625F-2026-05-09.csv,17711216,9c87981a67fa11626c894fb08d24742abe727c7e80dd9aaf3776373d806958fc
2026-05,2026-05\21UBE0022_苏E02625F-2026-05-10.csv,21109684,d5d40145d937a98d87e8038172a180724a1922f32f8d4845ae4b5a1171de598f
2026-05,2026-05\21UBE0022_苏E02625F-2026-05-11.csv,21122741,f5472472c83a0e5701c57068870959f5a02987aa41cc8488c3c51c8224a49bba
2026-05,2026-05\21UBE0022_苏E02625F-2026-05-12.csv,19655601,08efd4ac389189da093f025cf5338d583936aabd3cef8a063e4a49491eb5d951
2026-05,2026-05\21UBE0022_苏E02625F-2026-05-13.csv,21120179,c11a3ba84f38b271d5106d3db6500636cfdefcd95fe1eb1e318e2af5cedfa9c6
2026-05,2026-05\21UBE0022_苏E02625F-2026-05-14.csv,21923454,0a4c6dc1ee338d3c85b925d60c19239c1d4b31a269adfb71a8aabe4c0980d1fe
2026-05,2026-05\21UBE0022_苏E02625F-2026-05-15.csv,19037836,15714f3763be86b1c144516cc414ca57b9eb3e2af6702a716f50bc7abce41e0e
2026-05,2026-05\21UBE0022_苏E02625F-2026-05-16.csv,14747003,7c7b8c31d3ea9528ba81488a130057e7b647f0f1166ea66548ccc7be0d796574
2026-05,2026-05\21UBE0022_苏E02625F-2026-05-17.csv,19421624,cd414037515bfe8c1c2bdb5434b3b82a3a72b93e7dfe2609a0815a3b7fa0576f
2026-05,2026-05\21UBE0022_苏E02625F-2026-05-18.csv,18959921,d3ca0c6e81ccc8fd2e139360259fe7bc8db8cbff935e7a62fd0a25911ad2b275
2026-05,2026-05\21UBE0022_苏E02625F-2026-05-19.csv,21294918,58de63c5a6b0b5d2461515c04169034d73151df7105bf4f4d55d237afe6f8826
2026-05,2026-05\21UBE0022_苏E02625F-2026-05-20.csv,21122808,cb417dad3b89a74a4f327a67af83e52ae8361f452611d108028f76ac2f560310
2026-05,2026-05\21UBE0022_苏E02625F-2026-05-21.csv,17378375,9bb11e7f54165f92d0a2757c1b3b798acfb5c7ddd4973612ca4711f0df23ad16
2026-05,2026-05\21UBE0022_苏E02625F-2026-05-22.csv,21415744,0892f8daa0a05bbbd41633ccd96773b20bf4dcc77c7700edf4ef3cbf28613f63
2026-05,2026-05\21UBE0022_苏E02625F-2026-05-23.csv,21288552,19acbf64666101219a272dd99120e3f2ebbcac70b89754ee01310d7e9080a132
2026-05,2026-05\21UBE0022_苏E02625F-2026-05-24.csv,21097035,b547e59bbdf5cc85a6b36748c3d29a1c63b71c62ae2b5efaae73c248ddc08dca
2026-05,2026-05\21UBE0022_苏E02625F-2026-05-25.csv,21182790,d4186035ea05b275c7cf93c85597ceab05c786c6f13de26593ae01a8717b146c
2026-05,2026-05\21UBE0022_苏E02625F-2026-05-26.csv,21118146,893db539f2bda459c434e06c61b7b0e8c38d26fd820b74ae5681bb051caad153
2026-05,2026-05\21UBE0022_苏E02625F-2026-05-27.csv,8903469,e0f963e079cdbe070c3b6dcb8c62304de8b673530a4c440b4b538c6760861d3a
2026-05,2026-05\21UBE0022_苏E02625F-2026-05-28.csv,20804149,958257a4f37432430651272ffe665afc5839e93eca1168376331fd1026b13953
2026-05,2026-05\21UBE0022_苏E02625F-2026-05-29.csv,22003907,28b598ad0fdc4197fe752a9230177ef105671f5be4226186f16fe3f9962ebc1a
2026-05,2026-05\21UBE0022_苏E02625F-2026-05-30.csv,19017867,9e03fd78dc20ba1b9eff0c750dd44129796fa7eb45c2f8cb54a85f77bf4f9939
2026-05,2026-05\21UBE0022_苏E02625F-2026-05-31.csv,21108656,b1a9aa90be2254fddfa4751682d0665e22cac291cef64dfd59d392b6131f7708
2026-05,2026-06\21UBE0022_苏E02625F-2026-06-01.csv,21175460,34bab1e326fa808b8b0675c9e7872d11f5ce6c7a9eca2f36a3c746b05af23482
2026-06,2026-06\21UBE0022_苏E02625F-2026-06-02.csv,17683971,d9b334b06c92dccb80cbca15e8241d6f8f2ca415fec585774149418ae9f7ac38
2026-06,2026-06\21UBE0022_苏E02625F-2026-06-03.csv,20729286,8752b8162099d45d283c5b0722d27c4dc6b404a1f44bfbf13d9a5fbe0a94329b
2026-06,2026-06\21UBE0022_苏E02625F-2026-06-04.csv,20126290,ba3e4f08d3fc95addc323fb7884fae547e79665ed7e043465c526c537dff3a49
2026-06,2026-06\21UBE0022_苏E02625F-2026-06-05.csv,22218468,0a940fa2ab726b7f6b6635ddbdc4e72fb4d9242f0cc00a18eef3f6d557c82992
2026-06,2026-06\21UBE0022_苏E02625F-2026-06-06.csv,21223705,3287bd6c270af02a5718391d125f309bcb8bf6a8f4de9a5386204d4f61666aca
2026-06,2026-06\21UBE0022_苏E02625F-2026-06-07.csv,19267192,c4e982a828df54359909f9bf2c859f3debfe194cd2d7f4e90b118263d5d77889
2026-06,2026-06\21UBE0022_苏E02625F-2026-06-08.csv,17822119,b69cd988f1f6d5ed6b7e59a95d411b2a1f5a4acfc926d0e4dfe47347e32c4460
2026-06,2026-06\21UBE0022_苏E02625F-2026-06-09.csv,21526929,99047350b7f8c8c21e7fa609d8a14d3a2436d07fad26ffd97c4ffa26d5296c6d
2026-06,2026-06\21UBE0022_苏E02625F-2026-06-10.csv,18729470,e5c5abe4dc149a7827a3322619dfbc0a3d48ffced988bb41d0aebf23fb9ad0d8
2026-06,2026-06\21UBE0022_苏E02625F-2026-06-11.csv,19338610,3d71eb71af5811d777bf7057e12cc9ca8941e24dc5b52e12fc0bad0457a050e4
2026-06,2026-06\21UBE0022_苏E02625F-2026-06-12.csv,21152730,a2de8a63eabb3b80b858f77e0dfed98a9c45da3f97d8dd5efc5ee24f9a4867bc
2026-06,2026-06\21UBE0022_苏E02625F-2026-06-13.csv,19525133,f22f635e3b2535888c097fbfb54ae6331de14220be3c55e161135e9cac81cb04
2026-06,2026-06\21UBE0022_苏E02625F-2026-06-14.csv,13050902,312494584ef0ca4283b44c818cb7f3b54d8b7e39bcccd63cfba46286b5da8bee
2026-06,2026-06\21UBE0022_苏E02625F-2026-06-15.csv,21085306,b5f3587eda27cd8836a5af93a766931b6c59f7e00bca9b4cc525ff1429de9911
2026-06,2026-06\21UBE0022_苏E02625F-2026-06-16.csv,18888573,2be350a8ed765f5aa62e096704fc1412faa9a6f8da8d816f8b4ac80bc408ca5b
2026-06,2026-06\21UBE0022_苏E02625F-2026-06-17.csv,21849967,acc5f228a8f4802dfbedbf0d31e7fd8dca92c7f95491da45da70e841a46a8cc3
2026-06,2026-06\21UBE0022_苏E02625F-2026-06-18.csv,21253017,998b69af0f2a6f6ebeb21c7001e9b6439e718bc19796d41256f193a1f7cd9924
2026-06,2026-06\21UBE0022_苏E02625F-2026-06-19.csv,18990607,de7e0a6b1993badd9a34d61725d7bf649d3fb7b6bb0d8e9c5733fbda1738f1cf
2026-06,2026-06\21UBE0022_苏E02625F-2026-06-20.csv,19334531,cbaea28f657993a86d9e6515875ad02920ffaf1003efdfcb0f85a24c0fa0a78c
2026-06,2026-06\21UBE0022_苏E02625F-2026-06-21.csv,21479568,773ba32d7722a657fa4d73d4a113eac9372791d4915704ba58b623b3d23bbf49
2026-06,2026-06\21UBE0022_苏E02625F-2026-06-22.csv,19231118,3113ddd6eea6e037faf1320c96cbe408ccc3dea81630ecde1431bd82e0780203
2026-06,2026-06\21UBE0022_苏E02625F-2026-06-23.csv,22870310,aaa9dc6e639f2f82485935a6fdb44de5cfef87b0593d5e52d3e19cb2e9068b99
2026-06,2026-06\21UBE0022_苏E02625F-2026-06-24.csv,21297324,29396edc000144c23632ad0a42092ba2fb91c106bfd53b160252716b185cd132
2026-06,2026-06\21UBE0022_苏E02625F-2026-06-25.csv,18706323,e821fbdc9fc370dac11b996403d0aebc03f0b703cb778bdbf5dcc6a4cd2bc2ce
2026-06,2026-06\21UBE0022_苏E02625F-2026-06-26.csv,22395420,c3bf5f4c1a081ebc1814e2abd75ee7ca5ee93788110e7871eea7134fc650450a
2026-06,2026-06\21UBE0022_苏E02625F-2026-06-27.csv,21983865,966cda1cd85e83ef0d8bde78188f56c2020fdb6bd41f4160e3d1001c7dc7c9ff
2026-06,2026-06\21UBE0022_苏E02625F-2026-06-28.csv,18830343,5d371c8147b3175576f2e519cc7d268cc63001afee87b34d9d6a626edb2d6073
2026-06,2026-06\21UBE0022_苏E02625F-2026-06-29.csv,19202074,16babe28d66405a6922b6337badc66506a6878603b28fbab48be75c4b091234d
2026-06,2026-06\21UBE0022_苏E02625F-2026-06-30.csv,20967835,3f6785b52e64aaf115b160adfadf148740c6ed2cbb932386348498b77d59965a
