hour,current_a,truth_degradation_pct,open_loop_degradation_pct,prediction_degradation_pct,posterior_degradation_pct,posterior_std_pct,observation_degradation_pct,corrected,monotonic_projection
1,0.0,0.0,0.0,0.0,0.0,0.030331501776,,False,False
2,0.0,0.0,0.0,0.0,0.0,0.030659419434,,False,False
3,0.0,0.0,0.0,0.0,0.0,0.03098386677,,False,False
4,0.0,0.0,0.0,0.0,0.0,0.031304951685,,False,False
5,90.0,0.004554,0.00396,0.00396,0.00396,0.035613950357,,False,False
6,90.0,0.006854,0.00596,0.00596,0.00596,0.039455125396,,False,False
7,90.0,0.009154,0.00796,0.00796,0.00796,0.042954166038,,False,False
8,90.0,0.011454,0.00996,0.00996,0.00996,0.046188893038,,False,False
9,195.0,0.013754,0.01196,0.01196,0.01196,0.049211454968,,False,False
10,195.0,0.016054,0.01396,0.01396,0.01396,0.052058820195,,False,False
11,195.0,0.018354,0.01596,0.01596,0.01596,0.054758325578,,False,False
12,195.0,0.020654,0.01796,0.01796,0.01796,0.057330861498,,False,False
13,195.0,0.022954,0.01996,0.01996,0.01996,0.059792818466,,False,False
14,195.0,0.025254,0.02196,0.02196,0.02196,0.06215733746,,False,False
15,195.0,0.027554,0.02396,0.02396,0.02396,0.064435146156,,False,False
16,195.0,0.029854,0.02596,0.02596,0.02596,0.066635137279,,False,False
17,270.0,0.032154,0.02796,0.02796,0.02796,0.068764780085,,False,False
18,270.0,0.034454,0.02996,0.02996,0.02996,0.070830420302,,False,False
19,270.0,0.036754,0.03196,0.03196,0.03196,0.072837503391,,False,False
20,270.0,0.039054,0.03396,0.03396,0.03396,0.074790743814,,False,False
21,270.0,0.041354,0.03596,0.03596,0.03596,0.076694255458,,False,False
22,270.0,0.043654,0.03796,0.03796,0.03796,0.078551653581,,False,False
23,270.0,0.045954,0.03996,0.03996,0.03996,0.080366135532,,False,False
24,270.0,0.048254,0.04196,0.04196,0.076917200728,0.028179373073,0.081580185459,True,False
25,90.0,0.050554,0.04396,0.078917200728,0.078917200728,0.032900311956,,False,False
26,90.0,0.052854,0.04596,0.080917200728,0.080917200728,0.037024100081,,False,False
27,90.0,0.055154,0.04796,0.082917200728,0.082917200728,0.040732510932,,False,False
28,90.0,0.057454,0.04996,0.084917200728,0.084917200728,0.044130385302,,False,False
29,90.0,0.059754,0.05196,0.086917200728,0.086917200728,0.047284715997,,False,False
30,90.0,0.062054,0.05396,0.088917200728,0.088917200728,0.050241395551,,False,False
31,90.0,0.064354,0.05596,0.090917200728,0.090917200728,0.053033492124,,False,False
32,90.0,0.066654,0.05796,0.092917200728,0.092917200728,0.055685767903,,False,False
33,195.0,0.068954,0.05996,0.094917200728,0.094917200728,0.058217335966,,False,False
34,195.0,0.071254,0.06196,0.096917200728,0.096917200728,0.060643315105,,False,False
35,195.0,0.073554,0.06396,0.098917200728,0.098917200728,0.0629759091,,False,False
36,195.0,0.075854,0.06596,0.100917200728,0.100917200728,0.065225137692,,False,False
37,195.0,0.078154,0.06796,0.102917200728,0.102917200728,0.067399347527,,False,False
38,195.0,0.080454,0.06996,0.104917200728,0.104917200728,0.069505578963,,False,False
39,195.0,0.082754,0.07196,0.106917200728,0.106917200728,0.071549835549,,False,False
40,195.0,0.085054,0.07396,0.108917200728,0.108917200728,0.073537285965,,False,False
41,270.0,0.087354,0.07596,0.110917200728,0.110917200728,0.075472418055,,False,False
42,270.0,0.089654,0.07796,0.112917200728,0.112917200728,0.077359158133,,False,False
43,270.0,0.091954,0.07996,0.114917200728,0.114917200728,0.079200964685,,False,False
44,270.0,0.094254,0.08196,0.116917200728,0.116917200728,0.081000902878,,False,False
45,270.0,0.096554,0.08396,0.118917200728,0.118917200728,0.082761704472,,False,False
46,270.0,0.098854,0.08596,0.120917200728,0.120917200728,0.084485816485,,False,False
47,270.0,0.101154,0.08796,0.122917200728,0.122917200728,0.086175441091,,False,False
48,270.0,0.103454,0.08996,0.124917200728,0.149431614602,0.028389666154,0.152291527829,True,False
49,90.0,0.105754,0.09196,0.151431614602,0.151431614602,0.033080607678,,False,False
50,90.0,0.108054,0.09396,0.153431614602,0.153431614602,0.037184406199,,False,False
51,90.0,0.110354,0.09596,0.155431614602,0.155431614602,0.040878276925,,False,False
52,90.0,0.112654,0.09796,0.157431614602,0.157431614602,0.044264963395,,False,False
53,90.0,0.114954,0.09996,0.159431614602,0.159431614602,0.047410341112,,False,False
54,90.0,0.117254,0.10196,0.161431614602,0.161431614602,0.050359645594,,False,False
55,90.0,0.119554,0.10396,0.163431614602,0.163431614602,0.053145530051,,False,False
56,90.0,0.121854,0.10596,0.165431614602,0.165431614602,0.055792479999,,False,False
57,195.0,0.124154,0.10796,0.167431614602,0.167431614602,0.058319416016,,False,False
58,195.0,0.126454,0.10996,0.169431614602,0.169431614602,0.060741318264,,False,False
59,195.0,0.128754,0.11196,0.171431614602,0.171431614602,0.06307028781,,False,False
60,195.0,0.131054,0.11396,0.173431614602,0.173431614602,0.065316266462,,False,False
61,195.0,0.133354,0.11596,0.175431614602,0.175431614602,0.067487540513,,False,False
62,195.0,0.135654,0.11796,0.177431614602,0.177431614602,0.069591102768,,False,False
63,195.0,0.137954,0.11996,0.179431614602,0.179431614602,0.071632918721,,False,False
64,195.0,0.140254,0.12196,0.181431614602,0.181431614602,0.073618126196,,False,False
65,270.0,0.142554,0.12396,0.183431614602,0.183431614602,0.075551187711,,False,False
66,270.0,0.144854,0.12596,0.185431614602,0.185431614602,0.077436008579,,False,False
67,270.0,0.147154,0.12796,0.187431614602,0.187431614602,0.079276029697,,False,False
68,270.0,0.149454,0.12996,0.189431614602,0.189431614602,0.081074301382,,False,False
69,270.0,0.151754,0.13196,0.191431614602,0.191431614602,0.082833542751,,False,False
70,270.0,0.154054,0.13396,0.193431614602,0.193431614602,0.084556189984,,False,False
71,270.0,0.156354,0.13596,0.195431614602,0.195431614602,0.086244435905,,False,False
72,270.0,0.158654,0.13796,0.197431614602,0.195431614602,0.02839194973,0.15676877835,True,True
73,90.0,0.160954,0.13996,0.197431614602,0.197431614602,0.033082567456,,False,False
74,90.0,0.163254,0.14196,0.199431614602,0.199431614602,0.0371861497,,False,False
75,90.0,0.165554,0.14396,0.201431614602,0.201431614602,0.040879862885,,False,False
76,90.0,0.167854,0.14596,0.203431614602,0.203431614602,0.044266428019,,False,False
77,90.0,0.170154,0.14796,0.205431614602,0.205431614602,0.04741170857,,False,False
78,90.0,0.172454,0.14996,0.207431614602,0.207431614602,0.050360932969,,False,False
79,90.0,0.174754,0.15196,0.209431614602,0.209431614602,0.053146749944,,False,False
80,90.0,0.177054,0.15396,0.211431614602,0.211431614602,0.055793642018,,False,False
81,195.0,0.179354,0.15596,0.213431614602,0.213431614602,0.058320527686,,False,False
82,195.0,0.181654,0.15796,0.215431614602,0.215431614602,0.06074238561,,False,False
83,195.0,0.183954,0.15996,0.217431614602,0.217431614602,0.063071315744,,False,False
84,195.0,0.186254,0.16196,0.219431614602,0.219431614602,0.065317259049,,False,False
85,195.0,0.188554,0.16396,0.221431614602,0.221431614602,0.067488501166,,False,False
86,195.0,0.190854,0.16596,0.223431614602,0.223431614602,0.069592034384,,False,False
87,195.0,0.193154,0.16796,0.225431614602,0.225431614602,0.071633823782,,False,False
88,195.0,0.195454,0.16996,0.227431614602,0.227431614602,0.073619006851,,False,False
89,270.0,0.197754,0.17196,0.229431614602,0.229431614602,0.075552045834,,False,False
90,270.0,0.200054,0.17396,0.231431614602,0.231431614602,0.077436845815,,False,False
91,270.0,0.202354,0.17596,0.233431614602,0.233431614602,0.079276847501,,False,False
92,270.0,0.204654,0.17796,0.235431614602,0.235431614602,0.081075101047,,False,False
93,270.0,0.206954,0.17996,0.237431614602,0.237431614602,0.082834325432,,False,False
94,270.0,0.209254,0.18196,0.239431614602,0.239431614602,0.08455695672,,False,False
95,270.0,0.211554,0.18396,0.241431614602,0.241431614602,0.086245187633,,False,False
96,270.0,0.213854,0.18596,0.243431614602,0.241431614602,0.028391974585,0.220324567958,True,True
97,90.0,0.216154,0.18796,0.243431614602,0.243431614602,0.033082588787,,False,False
98,90.0,0.218454,0.18996,0.245431614602,0.245431614602,0.037186168677,,False,False
99,90.0,0.220754,0.19196,0.247431614602,0.247431614602,0.040879880147,,False,False
100,90.0,0.223054,0.19396,0.249431614602,0.249431614602,0.04426644396,,False,False
101,90.0,0.225354,0.19596,0.251431614602,0.251431614602,0.047411723454,,False,False
102,90.0,0.227654,0.19796,0.253431614602,0.253431614602,0.050360946982,,False,False
103,90.0,0.229954,0.19996,0.255431614602,0.255431614602,0.053146763222,,False,False
104,90.0,0.232254,0.20196,0.257431614602,0.257431614602,0.055793654666,,False,False
105,195.0,0.234554,0.20396,0.259431614602,0.259431614602,0.058320539786,,False,False
106,195.0,0.236854,0.20596,0.261431614602,0.261431614602,0.060742397228,,False,False
107,195.0,0.239154,0.20796,0.263431614602,0.263431614602,0.063071326932,,False,False
108,195.0,0.241454,0.20996,0.265431614602,0.265431614602,0.065317269853,,False,False
109,195.0,0.243754,0.21196,0.267431614602,0.267431614602,0.067488511622,,False,False
110,195.0,0.246054,0.21396,0.269431614602,0.269431614602,0.069592044524,,False,False
111,195.0,0.248354,0.21596,0.271431614602,0.271431614602,0.071633833634,,False,False
112,195.0,0.250654,0.21796,0.273431614602,0.273431614602,0.073619016436,,False,False
113,270.0,0.252954,0.21996,0.275431614602,0.275431614602,0.075552055174,,False,False
114,270.0,0.255254,0.22196,0.277431614602,0.277431614602,0.077436854928,,False,False
115,270.0,0.257554,0.22396,0.279431614602,0.279431614602,0.079276856403,,False,False
116,270.0,0.259854,0.22596,0.281431614602,0.281431614602,0.081075109751,,False,False
117,270.0,0.262154,0.22796,0.283431614602,0.283431614602,0.082834333951,,False,False
118,270.0,0.264454,0.22996,0.285431614602,0.285431614602,0.084556965066,,False,False
119,270.0,0.266754,0.23196,0.287431614602,0.287431614602,0.086245195815,,False,False
120,270.0,0.269054,0.23396,0.289431614602,0.313052014914,0.028391974855,0.315803340896,True,False
121,90.0,0.271354,0.23596,0.315052014914,0.315052014914,0.033082589019,,False,False
122,90.0,0.273654,0.23796,0.317052014914,0.317052014914,0.037186168883,,False,False
123,90.0,0.275954,0.23996,0.319052014914,0.319052014914,0.040879880335,,False,False
124,90.0,0.278254,0.24196,0.321052014914,0.321052014914,0.044266444134,,False,False
125,90.0,0.280554,0.24396,0.323052014914,0.323052014914,0.047411723616,,False,False
126,90.0,0.282854,0.24596,0.325052014914,0.325052014914,0.050360947134,,False,False
127,90.0,0.285154,0.24796,0.327052014914,0.327052014914,0.053146763366,,False,False
128,90.0,0.287454,0.24996,0.329052014914,0.329052014914,0.055793654803,,False,False
129,195.0,0.289754,0.25196,0.331052014914,0.331052014914,0.058320539918,,False,False
130,195.0,0.292054,0.25396,0.333052014914,0.333052014914,0.060742397354,,False,False
131,195.0,0.294354,0.25596,0.335052014914,0.335052014914,0.063071327054,,False,False
132,195.0,0.296654,0.25796,0.337052014914,0.337052014914,0.06531726997,,False,False
133,195.0,0.298954,0.25996,0.339052014914,0.339052014914,0.067488511736,,False,False
134,195.0,0.301254,0.26196,0.341052014914,0.341052014914,0.069592044634,,False,False
135,195.0,0.303554,0.26396,0.343052014914,0.343052014914,0.071633833741,,False,False
136,195.0,0.305854,0.26596,0.345052014914,0.345052014914,0.073619016541,,False,False
137,270.0,0.308154,0.26796,0.347052014914,0.347052014914,0.075552055276,,False,False
138,270.0,0.310454,0.26996,0.349052014914,0.349052014914,0.077436855027,,False,False
139,270.0,0.312754,0.27196,0.351052014914,0.351052014914,0.0792768565,,False,False
140,270.0,0.315054,0.27396,0.353052014914,0.353052014914,0.081075109846,,False,False
141,270.0,0.317354,0.27596,0.355052014914,0.355052014914,0.082834334044,,False,False
142,270.0,0.319654,0.27796,0.357052014914,0.357052014914,0.084556965157,,False,False
143,270.0,0.321954,0.27996,0.359052014914,0.359052014914,0.086245195904,,False,False
144,270.0,0.324254,0.28196,0.361052014914,0.359052014914,0.028391974858,0.33249161502,True,True
145,90.0,0.326554,0.28396,0.361052014914,0.361052014914,0.033082589022,,False,False
146,90.0,0.328854,0.28596,0.363052014914,0.363052014914,0.037186168886,,False,False
147,90.0,0.331154,0.28796,0.365052014914,0.365052014914,0.040879880337,,False,False
148,90.0,0.333454,0.28996,0.367052014914,0.367052014914,0.044266444136,,False,False
149,90.0,0.335754,0.29196,0.369052014914,0.369052014914,0.047411723618,,False,False
150,90.0,0.338054,0.29396,0.371052014914,0.371052014914,0.050360947136,,False,False
151,90.0,0.340354,0.29596,0.373052014914,0.373052014914,0.053146763368,,False,False
152,90.0,0.342654,0.29796,0.375052014914,0.375052014914,0.055793654805,,False,False
153,195.0,0.344954,0.29996,0.377052014914,0.377052014914,0.058320539919,,False,False
154,195.0,0.347254,0.30196,0.379052014914,0.379052014914,0.060742397356,,False,False
155,195.0,0.349554,0.30396,0.381052014914,0.381052014914,0.063071327055,,False,False
156,195.0,0.351854,0.30596,0.383052014914,0.383052014914,0.065317269972,,False,False
157,195.0,0.354154,0.30796,0.385052014914,0.385052014914,0.067488511738,,False,False
158,195.0,0.356454,0.30996,0.387052014914,0.387052014914,0.069592044636,,False,False
159,195.0,0.358754,0.31196,0.389052014914,0.389052014914,0.071633833742,,False,False
160,195.0,0.361054,0.31396,0.391052014914,0.391052014914,0.073619016542,,False,False
161,270.0,0.363354,0.31596,0.393052014914,0.393052014914,0.075552055277,,False,False
162,270.0,0.365654,0.31796,0.395052014914,0.395052014914,0.077436855028,,False,False
163,270.0,0.367954,0.31996,0.397052014914,0.397052014914,0.079276856501,,False,False
164,270.0,0.370254,0.32196,0.399052014914,0.399052014914,0.081075109847,,False,False
165,270.0,0.372554,0.32396,0.401052014914,0.401052014914,0.082834334045,,False,False
166,270.0,0.374854,0.32596,0.403052014914,0.403052014914,0.084556965158,,False,False
167,270.0,0.377154,0.32796,0.405052014914,0.405052014914,0.086245195905,,False,False
168,270.0,0.379454,0.32996,0.407052014914,0.416193393774,0.028391974858,0.41725819,True,False
169,0.0,0.379454,0.32996,0.416193393774,0.416193393774,0.028742029093,,False,False
170,0.0,0.379454,0.32996,0.416193393774,0.416193393774,0.029087870949,,False,False
171,0.0,0.379454,0.32996,0.416193393774,0.416193393774,0.029429648934,,False,False
172,0.0,0.379454,0.32996,0.416193393774,0.416193393774,0.029767503025,,False,False
173,90.0,0.384008,0.33392,0.420153393774,0.420153393774,0.034270361778,,False,False
174,90.0,0.386308,0.33592,0.422153393774,0.422153393774,0.038246714321,,False,False
175,90.0,0.388608,0.33792,0.424153393774,0.424153393774,0.04184691884,,False,False
176,90.0,0.390908,0.33992,0.426153393774,0.426153393774,0.045161023864,,False,False
177,195.0,0.393208,0.34192,0.428153393774,0.428153393774,0.048248021062,,False,False
178,195.0,0.395508,0.34392,0.430153393774,0.430153393774,0.051149046877,,False,False
179,195.0,0.397808,0.34592,0.432153393774,0.432153393774,0.053894141207,,False,False
180,195.0,0.400108,0.34792,0.434153393774,0.434153393774,0.056506034337,,False,False
181,195.0,0.402408,0.34992,0.436153393774,0.436153393774,0.059002418395,,False,False
182,195.0,0.404708,0.35192,0.438153393774,0.438153393774,0.061397384606,,False,False
183,195.0,0.407008,0.35392,0.440153393774,0.440153393774,0.06370237277,,False,False
184,195.0,0.409308,0.35592,0.442153393774,0.442153393774,0.065926821223,,False,False
185,270.0,0.411608,0.35792,0.444153393774,0.444153393774,0.068078625255,,False,False
186,270.0,0.413908,0.35992,0.446153393774,0.446153393774,0.070164468761,,False,False
187,270.0,0.416208,0.36192,0.448153393774,0.448153393774,0.072190069515,,False,False
188,270.0,0.418508,0.36392,0.450153393774,0.450153393774,0.074160364054,,False,False
189,270.0,0.420808,0.36592,0.452153393774,0.452153393774,0.076079649425,,False,False
190,270.0,0.423108,0.36792,0.454153393774,0.454153393774,0.077951693481,,False,False
191,270.0,0.425408,0.36992,0.456153393774,0.456153393774,0.079779821864,,False,False
192,270.0,0.427708,0.37192,0.458153393774,0.456153393774,0.028155999486,0.397641064642,True,True
193,90.0,0.430008,0.37392,0.458153393774,0.458153393774,0.03288029451,,False,False
194,90.0,0.432308,0.37592,0.460153393774,0.460153393774,0.037006313341,,False,False
195,90.0,0.434608,0.37792,0.462153393774,0.462153393774,0.040716344226,,False,False
196,90.0,0.436908,0.37992,0.464153393774,0.464153393774,0.04411546381,,False,False
197,90.0,0.439208,0.38192,0.466153393774,0.466153393774,0.047270790211,,False,False
198,90.0,0.441508,0.38392,0.468153393774,0.468153393774,0.050228289511,,False,False
199,90.0,0.443808,0.38592,0.470153393774,0.470153393774,0.053021076254,,False,False
200,90.0,0.446108,0.38792,0.472153393774,0.472153393774,0.055673943521,,False,False
201,195.0,0.448408,0.38992,0.474153393774,0.474153393774,0.058206025867,,False,False
202,195.0,0.450708,0.39192,0.476153393774,0.476153393774,0.060632457539,,False,False
203,195.0,0.453008,0.39392,0.478153393774,0.478153393774,0.06296545376,,False,False
204,195.0,0.455308,0.39592,0.480153393774,0.480153393774,0.065215042952,,False,False
205,195.0,0.457608,0.39792,0.482153393774,0.482153393774,0.067389578477,,False,False
206,195.0,0.459908,0.39992,0.484153393774,0.484153393774,0.069496105986,,False,False
207,195.0,0.462208,0.40192,0.486153393774,0.486153393774,0.07154063326,,False,False
208,195.0,0.464508,0.40392,0.488153393774,0.488153393774,0.073528332412,,False,False
209,270.0,0.466808,0.40592,0.490153393774,0.490153393774,0.075463694101,,False,False
210,270.0,0.469108,0.40792,0.492153393774,0.492153393774,0.077350646974,,False,False
211,270.0,0.471408,0.40992,0.494153393774,0.494153393774,0.079192651473,,False,False
212,270.0,0.473708,0.41192,0.496153393774,0.496153393774,0.080992774415,,False,False
213,270.0,0.476008,0.41392,0.498153393774,0.498153393774,0.082753748963,,False,False
214,270.0,0.478308,0.41592,0.500153393774,0.500153393774,0.08447802334,,False,False
215,270.0,0.480608,0.41792,0.502153393774,0.502153393774,0.086167800758,,False,False
216,270.0,0.482908,0.41992,0.504153393774,0.502153393774,0.028389412989,0.468501201155,True,True
217,90.0,0.485208,0.42192,0.504153393774,0.504153393774,0.033080390413,,False,False
218,90.0,0.487508,0.42392,0.506153393774,0.506153393774,0.037184212912,,False,False
219,90.0,0.489808,0.42592,0.508153393774,0.508153393774,0.040878101104,,False,False
220,90.0,0.492108,0.42792,0.510153393774,0.510153393774,0.044264801026,,False,False
221,90.0,0.494408,0.42992,0.512153393774,0.512153393774,0.047410189516,,False,False
222,90.0,0.496708,0.43192,0.514153393774,0.514153393774,0.050359502876,,False,False
223,90.0,0.499008,0.43392,0.516153393774,0.516153393774,0.053145394814,,False,False
224,90.0,0.501308,0.43592,0.518153393774,0.518153393774,0.055792351178,,False,False
225,195.0,0.503608,0.43792,0.520153393774,0.520153393774,0.058319292777,,False,False
226,195.0,0.505908,0.43992,0.522153393774,0.522153393774,0.060741199939,,False,False
227,195.0,0.508208,0.44192,0.524153393774,0.524153393774,0.063070173854,,False,False
228,195.0,0.510508,0.44392,0.526153393774,0.526153393774,0.065316156424,,False,False
229,195.0,0.512808,0.44592,0.528153393774,0.528153393774,0.067487434016,,False,False
230,195.0,0.515108,0.44792,0.530153393774,0.530153393774,0.06959099949,,False,False
231,195.0,0.517408,0.44992,0.532153393774,0.532153393774,0.071632818387,,False,False
232,195.0,0.519708,0.45192,0.534153393774,0.534153393774,0.073618028567,,False,False
233,270.0,0.522008,0.45392,0.536153393774,0.536153393774,0.07555109258,,False,False
234,270.0,0.524308,0.45592,0.538153393774,0.538153393774,0.077435915763,,False,False
235,270.0,0.526608,0.45792,0.540153393774,0.540153393774,0.079275939037,,False,False
236,270.0,0.528908,0.45992,0.542153393774,0.542153393774,0.081074212732,,False,False
237,270.0,0.531208,0.46192,0.544153393774,0.544153393774,0.082833455983,,False,False
238,270.0,0.533508,0.46392,0.546153393774,0.546153393774,0.084556104985,,False,False
239,270.0,0.535808,0.46592,0.548153393774,0.548153393774,0.08624435257,,False,False
240,270.0,0.538108,0.46792,0.550153393774,0.548153393774,0.028391946975,0.496573367813,True,True
241,90.0,0.540408,0.46992,0.550153393774,0.550153393774,0.033082565091,,False,False
242,90.0,0.542708,0.47192,0.552153393774,0.552153393774,0.037186147596,,False,False
243,90.0,0.545008,0.47392,0.554153393774,0.554153393774,0.040879860971,,False,False
244,90.0,0.547308,0.47592,0.556153393774,0.556153393774,0.044266426251,,False,False
245,90.0,0.549608,0.47792,0.558153393774,0.558153393774,0.04741170692,,False,False
246,90.0,0.551908,0.47992,0.560153393774,0.560153393774,0.050360931416,,False,False
247,90.0,0.554208,0.48192,0.562153393774,0.562153393774,0.053146748472,,False,False
248,90.0,0.556508,0.48392,0.564153393774,0.564153393774,0.055793640615,,False,False
249,195.0,0.558808,0.48592,0.566153393774,0.566153393774,0.058320526345,,False,False
250,195.0,0.561108,0.48792,0.568153393774,0.568153393774,0.060742384322,,False,False
251,195.0,0.563408,0.48992,0.570153393774,0.570153393774,0.063071314503,,False,False
252,195.0,0.565708,0.49192,0.572153393774,0.572153393774,0.065317257851,,False,False
253,195.0,0.568008,0.49392,0.574153393774,0.574153393774,0.067488500007,,False,False
254,195.0,0.570308,0.49592,0.576153393774,0.576153393774,0.06959203326,,False,False
255,195.0,0.572608,0.49792,0.578153393774,0.578153393774,0.07163382269,,False,False
256,195.0,0.574908,0.49992,0.580153393774,0.580153393774,0.073619005788,,False,False
257,270.0,0.577208,0.50192,0.582153393774,0.582153393774,0.075552044799,,False,False
258,270.0,0.579508,0.50392,0.584153393774,0.584153393774,0.077436844804,,False,False
259,270.0,0.581808,0.50592,0.586153393774,0.586153393774,0.079276846515,,False,False
260,270.0,0.584108,0.50792,0.588153393774,0.588153393774,0.081075100082,,False,False
261,270.0,0.586408,0.50992,0.590153393774,0.590153393774,0.082834324488,,False,False
262,270.0,0.588708,0.51192,0.592153393774,0.592153393774,0.084556955795,,False,False
263,270.0,0.591008,0.51392,0.594153393774,0.594153393774,0.086245186726,,False,False
264,270.0,0.593308,0.51592,0.596153393774,0.630715752051,0.028391974555,0.63474160819,True,False
265,90.0,0.595608,0.51792,0.632715752051,0.632715752051,0.033082588761,,False,False
266,90.0,0.597908,0.51992,0.634715752051,0.634715752051,0.037186168654,,False,False
267,90.0,0.600208,0.52192,0.636715752051,0.636715752051,0.040879880127,,False,False
268,90.0,0.602508,0.52392,0.638715752051,0.638715752051,0.044266443941,,False,False
269,90.0,0.604808,0.52592,0.640715752051,0.640715752051,0.047411723436,,False,False
270,90.0,0.607108,0.52792,0.642715752051,0.642715752051,0.050360946965,,False,False
271,90.0,0.609408,0.52992,0.644715752051,0.644715752051,0.053146763206,,False,False
272,90.0,0.611708,0.53192,0.646715752051,0.646715752051,0.05579365465,,False,False
273,195.0,0.614008,0.53392,0.648715752051,0.648715752051,0.058320539772,,False,False
274,195.0,0.616308,0.53592,0.650715752051,0.650715752051,0.060742397214,,False,False
275,195.0,0.618608,0.53792,0.652715752051,0.652715752051,0.063071326919,,False,False
276,195.0,0.620908,0.53992,0.654715752051,0.654715752051,0.06531726984,,False,False
277,195.0,0.623208,0.54192,0.656715752051,0.656715752051,0.06748851161,,False,False
278,195.0,0.625508,0.54392,0.658715752051,0.658715752051,0.069592044512,,False,False
279,195.0,0.627808,0.54592,0.660715752051,0.660715752051,0.071633833622,,False,False
280,195.0,0.630108,0.54792,0.662715752051,0.662715752051,0.073619016425,,False,False
281,270.0,0.632408,0.54992,0.664715752051,0.664715752051,0.075552055163,,False,False
282,270.0,0.634708,0.55192,0.666715752051,0.666715752051,0.077436854917,,False,False
283,270.0,0.637008,0.55392,0.668715752051,0.668715752051,0.079276856392,,False,False
284,270.0,0.639308,0.55592,0.670715752051,0.670715752051,0.08107510974,,False,False
285,270.0,0.641608,0.55792,0.672715752051,0.672715752051,0.082834333941,,False,False
286,270.0,0.643908,0.55992,0.674715752051,0.674715752051,0.084556965056,,False,False
287,270.0,0.646208,0.56192,0.676715752051,0.676715752051,0.086245195805,,False,False
288,270.0,0.648508,0.56392,0.678715752051,0.676715752051,0.028391974855,0.629688083611,True,True
289,90.0,0.650808,0.56592,0.678715752051,0.678715752051,0.033082589019,,False,False
290,90.0,0.653108,0.56792,0.680715752051,0.680715752051,0.037186168883,,False,False
291,90.0,0.655408,0.56992,0.682715752051,0.682715752051,0.040879880335,,False,False
292,90.0,0.657708,0.57192,0.684715752051,0.684715752051,0.044266444134,,False,False
293,90.0,0.660008,0.57392,0.686715752051,0.686715752051,0.047411723616,,False,False
294,90.0,0.662308,0.57592,0.688715752051,0.688715752051,0.050360947134,,False,False
295,90.0,0.664608,0.57792,0.690715752051,0.690715752051,0.053146763366,,False,False
296,90.0,0.666908,0.57992,0.692715752051,0.692715752051,0.055793654803,,False,False
297,195.0,0.669208,0.58192,0.694715752051,0.694715752051,0.058320539918,,False,False
298,195.0,0.671508,0.58392,0.696715752051,0.696715752051,0.060742397354,,False,False
299,195.0,0.673808,0.58592,0.698715752051,0.698715752051,0.063071327054,,False,False
300,195.0,0.676108,0.58792,0.700715752051,0.700715752051,0.06531726997,,False,False
301,195.0,0.678408,0.58992,0.702715752051,0.702715752051,0.067488511736,,False,False
302,195.0,0.680708,0.59192,0.704715752051,0.704715752051,0.069592044634,,False,False
303,195.0,0.683008,0.59392,0.706715752051,0.706715752051,0.071633833741,,False,False
304,195.0,0.685308,0.59592,0.708715752051,0.708715752051,0.073619016541,,False,False
305,270.0,0.687608,0.59792,0.710715752051,0.710715752051,0.075552055276,,False,False
306,270.0,0.689908,0.59992,0.712715752051,0.712715752051,0.077436855027,,False,False
307,270.0,0.692208,0.60192,0.714715752051,0.714715752051,0.0792768565,,False,False
308,270.0,0.694508,0.60392,0.716715752051,0.716715752051,0.081075109846,,False,False
309,270.0,0.696808,0.60592,0.718715752051,0.718715752051,0.082834334044,,False,False
310,270.0,0.699108,0.60792,0.720715752051,0.720715752051,0.084556965157,,False,False
311,270.0,0.701408,0.60992,0.722715752051,0.722715752051,0.086245195904,,False,False
312,270.0,0.703708,0.61192,0.724715752051,0.722715752051,0.028391974858,0.688621198171,True,True
313,90.0,0.706008,0.61392,0.724715752051,0.724715752051,0.033082589022,,False,False
314,90.0,0.708308,0.61592,0.726715752051,0.726715752051,0.037186168886,,False,False
315,90.0,0.710608,0.61792,0.728715752051,0.728715752051,0.040879880337,,False,False
316,90.0,0.712908,0.61992,0.730715752051,0.730715752051,0.044266444136,,False,False
317,90.0,0.715208,0.62192,0.732715752051,0.732715752051,0.047411723618,,False,False
318,90.0,0.717508,0.62392,0.734715752051,0.734715752051,0.050360947136,,False,False
319,90.0,0.719808,0.62592,0.736715752051,0.736715752051,0.053146763368,,False,False
320,90.0,0.722108,0.62792,0.738715752051,0.738715752051,0.055793654805,,False,False
321,195.0,0.724408,0.62992,0.740715752051,0.740715752051,0.058320539919,,False,False
322,195.0,0.726708,0.63192,0.742715752051,0.742715752051,0.060742397356,,False,False
323,195.0,0.729008,0.63392,0.744715752051,0.744715752051,0.063071327055,,False,False
324,195.0,0.731308,0.63592,0.746715752051,0.746715752051,0.065317269972,,False,False
325,195.0,0.733608,0.63792,0.748715752051,0.748715752051,0.067488511738,,False,False
326,195.0,0.735908,0.63992,0.750715752051,0.750715752051,0.069592044636,,False,False
327,195.0,0.738208,0.64192,0.752715752051,0.752715752051,0.071633833742,,False,False
328,195.0,0.740508,0.64392,0.754715752051,0.754715752051,0.073619016542,,False,False
329,270.0,0.742808,0.64592,0.756715752051,0.756715752051,0.075552055277,,False,False
330,270.0,0.745108,0.64792,0.758715752051,0.758715752051,0.077436855028,,False,False
331,270.0,0.747408,0.64992,0.760715752051,0.760715752051,0.079276856501,,False,False
332,270.0,0.749708,0.65192,0.762715752051,0.762715752051,0.081075109847,,False,False
333,270.0,0.752008,0.65392,0.764715752051,0.764715752051,0.082834334045,,False,False
334,270.0,0.754308,0.65592,0.766715752051,0.766715752051,0.084556965158,,False,False
335,270.0,0.756608,0.65792,0.768715752051,0.768715752051,0.086245195905,,False,False
336,270.0,0.758908,0.65992,0.770715752051,0.776996306627,0.028391974858,0.777727871406,True,False
337,0.0,0.758908,0.65992,0.776996306627,0.776996306627,0.028742029093,,False,False
338,0.0,0.758908,0.65992,0.776996306627,0.776996306627,0.029087870949,,False,False
339,0.0,0.758908,0.65992,0.776996306627,0.776996306627,0.029429648934,,False,False
340,0.0,0.758908,0.65992,0.776996306627,0.776996306627,0.029767503025,,False,False
341,90.0,0.763462,0.66388,0.780956306627,0.780956306627,0.034270361778,,False,False
342,90.0,0.765762,0.66588,0.782956306627,0.782956306627,0.038246714321,,False,False
343,90.0,0.768062,0.66788,0.784956306627,0.784956306627,0.04184691884,,False,False
344,90.0,0.770362,0.66988,0.786956306627,0.786956306627,0.045161023864,,False,False
345,195.0,0.772662,0.67188,0.788956306627,0.788956306627,0.048248021062,,False,False
346,195.0,0.774962,0.67388,0.790956306627,0.790956306627,0.051149046877,,False,False
347,195.0,0.777262,0.67588,0.792956306627,0.792956306627,0.053894141207,,False,False
348,195.0,0.779562,0.67788,0.794956306627,0.794956306627,0.056506034337,,False,False
349,195.0,0.781862,0.67988,0.796956306627,0.796956306627,0.059002418395,,False,False
350,195.0,0.784162,0.68188,0.798956306627,0.798956306627,0.061397384606,,False,False
351,195.0,0.786462,0.68388,0.800956306627,0.800956306627,0.06370237277,,False,False
352,195.0,0.788762,0.68588,0.802956306627,0.802956306627,0.065926821223,,False,False
353,270.0,0.791062,0.68788,0.804956306627,0.804956306627,0.068078625255,,False,False
354,270.0,0.793362,0.68988,0.806956306627,0.806956306627,0.070164468761,,False,False
355,270.0,0.795662,0.69188,0.808956306627,0.808956306627,0.072190069515,,False,False
356,270.0,0.797962,0.69388,0.810956306627,0.810956306627,0.074160364054,,False,False
357,270.0,0.800262,0.69588,0.812956306627,0.812956306627,0.076079649425,,False,False
358,270.0,0.802562,0.69788,0.814956306627,0.814956306627,0.077951693481,,False,False
359,270.0,0.804862,0.69988,0.816956306627,0.816956306627,0.079779821864,,False,False
360,270.0,0.807162,0.70188,0.818956306627,0.823166342,0.028155999486,0.82373584945,True,False
361,90.0,0.809462,0.70388,0.825166342,0.825166342,0.03288029451,,False,False
362,90.0,0.811762,0.70588,0.827166342,0.827166342,0.037006313341,,False,False
363,90.0,0.814062,0.70788,0.829166342,0.829166342,0.040716344226,,False,False
364,90.0,0.816362,0.70988,0.831166342,0.831166342,0.04411546381,,False,False
365,90.0,0.818662,0.71188,0.833166342,0.833166342,0.047270790211,,False,False
366,90.0,0.820962,0.71388,0.835166342,0.835166342,0.050228289511,,False,False
367,90.0,0.823262,0.71588,0.837166342,0.837166342,0.053021076254,,False,False
368,90.0,0.825562,0.71788,0.839166342,0.839166342,0.055673943521,,False,False
369,195.0,0.827862,0.71988,0.841166342,0.841166342,0.058206025867,,False,False
370,195.0,0.830162,0.72188,0.843166342,0.843166342,0.060632457539,,False,False
371,195.0,0.832462,0.72388,0.845166342,0.845166342,0.06296545376,,False,False
372,195.0,0.834762,0.72588,0.847166342,0.847166342,0.065215042952,,False,False
373,195.0,0.837062,0.72788,0.849166342,0.849166342,0.067389578477,,False,False
374,195.0,0.839362,0.72988,0.851166342,0.851166342,0.069496105986,,False,False
375,195.0,0.841662,0.73188,0.853166342,0.853166342,0.07154063326,,False,False
376,195.0,0.843962,0.73388,0.855166342,0.855166342,0.073528332412,,False,False
377,270.0,0.846262,0.73588,0.857166342,0.857166342,0.075463694101,,False,False
378,270.0,0.848562,0.73788,0.859166342,0.859166342,0.077350646974,,False,False
379,270.0,0.850862,0.73988,0.861166342,0.861166342,0.079192651473,,False,False
380,270.0,0.853162,0.74188,0.863166342,0.863166342,0.080992774415,,False,False
381,270.0,0.855462,0.74388,0.865166342,0.865166342,0.082753748963,,False,False
382,270.0,0.857762,0.74588,0.867166342,0.867166342,0.08447802334,,False,False
383,270.0,0.860062,0.74788,0.869166342,0.869166342,0.086167800758,,False,False
384,270.0,0.862362,0.74988,0.871166342,0.869166342,0.028389412989,0.812952827854,True,True
385,90.0,0.864662,0.75188,0.871166342,0.871166342,0.033080390413,,False,False
386,90.0,0.866962,0.75388,0.873166342,0.873166342,0.037184212912,,False,False
387,90.0,0.869262,0.75588,0.875166342,0.875166342,0.040878101104,,False,False
388,90.0,0.871562,0.75788,0.877166342,0.877166342,0.044264801026,,False,False
389,90.0,0.873862,0.75988,0.879166342,0.879166342,0.047410189516,,False,False
390,90.0,0.876162,0.76188,0.881166342,0.881166342,0.050359502876,,False,False
391,90.0,0.878462,0.76388,0.883166342,0.883166342,0.053145394814,,False,False
392,90.0,0.880762,0.76588,0.885166342,0.885166342,0.055792351178,,False,False
393,195.0,0.883062,0.76788,0.887166342,0.887166342,0.058319292777,,False,False
394,195.0,0.885362,0.76988,0.889166342,0.889166342,0.060741199939,,False,False
395,195.0,0.887662,0.77188,0.891166342,0.891166342,0.063070173854,,False,False
396,195.0,0.889962,0.77388,0.893166342,0.893166342,0.065316156424,,False,False
397,195.0,0.892262,0.77588,0.895166342,0.895166342,0.067487434016,,False,False
398,195.0,0.894562,0.77788,0.897166342,0.897166342,0.06959099949,,False,False
399,195.0,0.896862,0.77988,0.899166342,0.899166342,0.071632818387,,False,False
400,195.0,0.899162,0.78188,0.901166342,0.901166342,0.073618028567,,False,False
401,270.0,0.901462,0.78388,0.903166342,0.903166342,0.07555109258,,False,False
402,270.0,0.903762,0.78588,0.905166342,0.905166342,0.077435915763,,False,False
403,270.0,0.906062,0.78788,0.907166342,0.907166342,0.079275939037,,False,False
404,270.0,0.908362,0.78988,0.909166342,0.909166342,0.081074212732,,False,False
405,270.0,0.910662,0.79188,0.911166342,0.911166342,0.082833455983,,False,False
406,270.0,0.912962,0.79388,0.913166342,0.913166342,0.084556104985,,False,False
407,270.0,0.915262,0.79588,0.915166342,0.915166342,0.08624435257,,False,False
408,270.0,0.917562,0.79788,0.917166342,0.931579332536,0.028391946975,0.933258202552,True,False
409,90.0,0.919862,0.79988,0.933579332536,0.933579332536,0.033082565091,,False,False
410,90.0,0.922162,0.80188,0.935579332536,0.935579332536,0.037186147596,,False,False
411,90.0,0.924462,0.80388,0.937579332536,0.937579332536,0.040879860971,,False,False
412,90.0,0.926762,0.80588,0.939579332536,0.939579332536,0.044266426251,,False,False
413,90.0,0.929062,0.80788,0.941579332536,0.941579332536,0.04741170692,,False,False
414,90.0,0.931362,0.80988,0.943579332536,0.943579332536,0.050360931416,,False,False
415,90.0,0.933662,0.81188,0.945579332536,0.945579332536,0.053146748472,,False,False
416,90.0,0.935962,0.81388,0.947579332536,0.947579332536,0.055793640615,,False,False
417,195.0,0.938262,0.81588,0.949579332536,0.949579332536,0.058320526345,,False,False
418,195.0,0.940562,0.81788,0.951579332536,0.951579332536,0.060742384322,,False,False
419,195.0,0.942862,0.81988,0.953579332536,0.953579332536,0.063071314503,,False,False
420,195.0,0.945162,0.82188,0.955579332536,0.955579332536,0.065317257851,,False,False
421,195.0,0.947462,0.82388,0.957579332536,0.957579332536,0.067488500007,,False,False
422,195.0,0.949762,0.82588,0.959579332536,0.959579332536,0.06959203326,,False,False
423,195.0,0.952062,0.82788,0.961579332536,0.961579332536,0.07163382269,,False,False
424,195.0,0.954362,0.82988,0.963579332536,0.963579332536,0.073619005788,,False,False
425,270.0,0.956662,0.83188,0.965579332536,0.965579332536,0.075552044799,,False,False
426,270.0,0.958962,0.83388,0.967579332536,0.967579332536,0.077436844804,,False,False
427,270.0,0.961262,0.83588,0.969579332536,0.969579332536,0.079276846515,,False,False
428,270.0,0.963562,0.83788,0.971579332536,0.971579332536,0.081075100082,,False,False
429,270.0,0.965862,0.83988,0.973579332536,0.973579332536,0.082834324488,,False,False
430,270.0,0.968162,0.84188,0.975579332536,0.975579332536,0.084556955795,,False,False
431,270.0,0.970462,0.84388,0.977579332536,0.977579332536,0.086245186726,,False,False
432,270.0,0.972762,0.84588,0.979579332536,0.984312758328,0.028391974555,0.984864112235,True,False
433,90.0,0.975062,0.84788,0.986312758328,0.986312758328,0.033082588761,,False,False
434,90.0,0.977362,0.84988,0.988312758328,0.988312758328,0.037186168654,,False,False
435,90.0,0.979662,0.85188,0.990312758328,0.990312758328,0.040879880127,,False,False
436,90.0,0.981962,0.85388,0.992312758328,0.992312758328,0.044266443941,,False,False
437,90.0,0.984262,0.85588,0.994312758328,0.994312758328,0.047411723436,,False,False
438,90.0,0.986562,0.85788,0.996312758328,0.996312758328,0.050360946965,,False,False
439,90.0,0.988862,0.85988,0.998312758328,0.998312758328,0.053146763206,,False,False
440,90.0,0.991162,0.86188,1.000312758328,1.000312758328,0.05579365465,,False,False
441,195.0,0.993462,0.86388,1.002312758328,1.002312758328,0.058320539772,,False,False
442,195.0,0.995762,0.86588,1.004312758328,1.004312758328,0.060742397214,,False,False
443,195.0,0.998062,0.86788,1.006312758328,1.006312758328,0.063071326919,,False,False
444,195.0,1.000362,0.86988,1.008312758328,1.008312758328,0.06531726984,,False,False
445,195.0,1.002662,0.87188,1.010312758328,1.010312758328,0.06748851161,,False,False
446,195.0,1.004962,0.87388,1.012312758328,1.012312758328,0.069592044512,,False,False
447,195.0,1.007262,0.87588,1.014312758328,1.014312758328,0.071633833622,,False,False
448,195.0,1.009562,0.87788,1.016312758328,1.016312758328,0.073619016425,,False,False
449,270.0,1.011862,0.87988,1.018312758328,1.018312758328,0.075552055163,,False,False
450,270.0,1.014162,0.88188,1.020312758328,1.020312758328,0.077436854917,,False,False
451,270.0,1.016462,0.88388,1.022312758328,1.022312758328,0.079276856392,,False,False
452,270.0,1.018762,0.88588,1.024312758328,1.024312758328,0.08107510974,,False,False
453,270.0,1.021062,0.88788,1.026312758328,1.026312758328,0.082834333941,,False,False
454,270.0,1.023362,0.88988,1.028312758328,1.028312758328,0.084556965056,,False,False
455,270.0,1.025662,0.89188,1.030312758328,1.030312758328,0.086245195805,,False,False
456,270.0,1.027962,0.89388,1.032312758328,1.030312758328,0.028391974855,0.987959835055,True,True
457,90.0,1.030262,0.89588,1.032312758328,1.032312758328,0.033082589019,,False,False
458,90.0,1.032562,0.89788,1.034312758328,1.034312758328,0.037186168883,,False,False
459,90.0,1.034862,0.89988,1.036312758328,1.036312758328,0.040879880335,,False,False
460,90.0,1.037162,0.90188,1.038312758328,1.038312758328,0.044266444134,,False,False
461,90.0,1.039462,0.90388,1.040312758328,1.040312758328,0.047411723616,,False,False
462,90.0,1.041762,0.90588,1.042312758328,1.042312758328,0.050360947134,,False,False
463,90.0,1.044062,0.90788,1.044312758328,1.044312758328,0.053146763366,,False,False
464,90.0,1.046362,0.90988,1.046312758328,1.046312758328,0.055793654803,,False,False
465,195.0,1.048662,0.91188,1.048312758328,1.048312758328,0.058320539918,,False,False
466,195.0,1.050962,0.91388,1.050312758328,1.050312758328,0.060742397354,,False,False
467,195.0,1.053262,0.91588,1.052312758328,1.052312758328,0.063071327054,,False,False
468,195.0,1.055562,0.91788,1.054312758328,1.054312758328,0.06531726997,,False,False
469,195.0,1.057862,0.91988,1.056312758328,1.056312758328,0.067488511736,,False,False
470,195.0,1.060162,0.92188,1.058312758328,1.058312758328,0.069592044634,,False,False
471,195.0,1.062462,0.92388,1.060312758328,1.060312758328,0.071633833741,,False,False
472,195.0,1.064762,0.92588,1.062312758328,1.062312758328,0.073619016541,,False,False
473,270.0,1.067062,0.92788,1.064312758328,1.064312758328,0.075552055276,,False,False
474,270.0,1.069362,0.92988,1.066312758328,1.066312758328,0.077436855027,,False,False
475,270.0,1.071662,0.93188,1.068312758328,1.068312758328,0.0792768565,,False,False
476,270.0,1.073962,0.93388,1.070312758328,1.070312758328,0.081075109846,,False,False
477,270.0,1.076262,0.93588,1.072312758328,1.072312758328,0.082834334044,,False,False
478,270.0,1.078562,0.93788,1.074312758328,1.074312758328,0.084556965157,,False,False
479,270.0,1.080862,0.93988,1.076312758328,1.076312758328,0.086245195904,,False,False
480,270.0,1.083162,0.94188,1.078312758328,1.076312758328,0.028391974858,1.049722579744,True,True
481,90.0,1.085462,0.94388,1.078312758328,1.078312758328,0.033082589022,,False,False
482,90.0,1.087762,0.94588,1.080312758328,1.080312758328,0.037186168886,,False,False
483,90.0,1.090062,0.94788,1.082312758328,1.082312758328,0.040879880337,,False,False
484,90.0,1.092362,0.94988,1.084312758328,1.084312758328,0.044266444136,,False,False
485,90.0,1.094662,0.95188,1.086312758328,1.086312758328,0.047411723618,,False,False
486,90.0,1.096962,0.95388,1.088312758328,1.088312758328,0.050360947136,,False,False
487,90.0,1.099262,0.95588,1.090312758328,1.090312758328,0.053146763368,,False,False
488,90.0,1.101562,0.95788,1.092312758328,1.092312758328,0.055793654805,,False,False
489,195.0,1.103862,0.95988,1.094312758328,1.094312758328,0.058320539919,,False,False
490,195.0,1.106162,0.96188,1.096312758328,1.096312758328,0.060742397356,,False,False
491,195.0,1.108462,0.96388,1.098312758328,1.098312758328,0.063071327055,,False,False
492,195.0,1.110762,0.96588,1.100312758328,1.100312758328,0.065317269972,,False,False
493,195.0,1.113062,0.96788,1.102312758328,1.102312758328,0.067488511738,,False,False
494,195.0,1.115362,0.96988,1.104312758328,1.104312758328,0.069592044636,,False,False
495,195.0,1.117662,0.97188,1.106312758328,1.106312758328,0.071633833742,,False,False
496,195.0,1.119962,0.97388,1.108312758328,1.108312758328,0.073619016542,,False,False
497,270.0,1.122262,0.97588,1.110312758328,1.110312758328,0.075552055277,,False,False
498,270.0,1.124562,0.97788,1.112312758328,1.112312758328,0.077436855028,,False,False
499,270.0,1.126862,0.97988,1.114312758328,1.114312758328,0.079276856501,,False,False
500,270.0,1.129162,0.98188,1.116312758328,1.116312758328,0.081075109847,,False,False
501,270.0,1.131462,0.98388,1.118312758328,1.118312758328,0.082834334045,,False,False
502,270.0,1.133762,0.98588,1.120312758328,1.120312758328,0.084556965158,,False,False
503,270.0,1.136062,0.98788,1.122312758328,1.122312758328,0.086245195905,,False,False
504,270.0,1.138362,0.98988,1.124312758328,1.130175627068,0.028391974858,1.130858539416,True,False
505,0.0,1.138362,0.98988,1.130175627068,1.130175627068,0.028742029093,,False,False
506,0.0,1.138362,0.98988,1.130175627068,1.130175627068,0.029087870949,,False,False
507,0.0,1.138362,0.98988,1.130175627068,1.130175627068,0.029429648934,,False,False
508,0.0,1.138362,0.98988,1.130175627068,1.130175627068,0.029767503025,,False,False
509,90.0,1.142916,0.99384,1.134135627068,1.134135627068,0.034270361778,,False,False
510,90.0,1.145216,0.99584,1.136135627068,1.136135627068,0.038246714321,,False,False
511,90.0,1.147516,0.99784,1.138135627068,1.138135627068,0.04184691884,,False,False
512,90.0,1.149816,0.99984,1.140135627068,1.140135627068,0.045161023864,,False,False
513,195.0,1.152116,1.00184,1.142135627068,1.142135627068,0.048248021062,,False,False
514,195.0,1.154416,1.00384,1.144135627068,1.144135627068,0.051149046877,,False,False
515,195.0,1.156716,1.00584,1.146135627068,1.146135627068,0.053894141207,,False,False
516,195.0,1.159016,1.00784,1.148135627068,1.148135627068,0.056506034337,,False,False
517,195.0,1.161316,1.00984,1.150135627068,1.150135627068,0.059002418395,,False,False
518,195.0,1.163616,1.01184,1.152135627068,1.152135627068,0.061397384606,,False,False
519,195.0,1.165916,1.01384,1.154135627068,1.154135627068,0.06370237277,,False,False
520,195.0,1.168216,1.01584,1.156135627068,1.156135627068,0.065926821223,,False,False
521,270.0,1.170516,1.01784,1.158135627068,1.158135627068,0.068078625255,,False,False
522,270.0,1.172816,1.01984,1.160135627068,1.160135627068,0.070164468761,,False,False
523,270.0,1.175116,1.02184,1.162135627068,1.162135627068,0.072190069515,,False,False
524,270.0,1.177416,1.02384,1.164135627068,1.164135627068,0.074160364054,,False,False
525,270.0,1.179716,1.02584,1.166135627068,1.166135627068,0.076079649425,,False,False
526,270.0,1.182016,1.02784,1.168135627068,1.168135627068,0.077951693481,,False,False
527,270.0,1.184316,1.02984,1.170135627068,1.170135627068,0.079779821864,,False,False
528,270.0,1.186616,1.03184,1.172135627068,1.177714877834,0.028155999486,1.178469604242,True,False
529,90.0,1.188916,1.03384,1.179714877834,1.179714877834,0.03288029451,,False,False
530,90.0,1.191216,1.03584,1.181714877834,1.181714877834,0.037006313341,,False,False
531,90.0,1.193516,1.03784,1.183714877834,1.183714877834,0.040716344226,,False,False
532,90.0,1.195816,1.03984,1.185714877834,1.185714877834,0.04411546381,,False,False
533,90.0,1.198116,1.04184,1.187714877834,1.187714877834,0.047270790211,,False,False
534,90.0,1.200416,1.04384,1.189714877834,1.189714877834,0.050228289511,,False,False
535,90.0,1.202716,1.04584,1.191714877834,1.191714877834,0.053021076254,,False,False
536,90.0,1.205016,1.04784,1.193714877834,1.193714877834,0.055673943521,,False,False
537,195.0,1.207316,1.04984,1.195714877834,1.195714877834,0.058206025867,,False,False
538,195.0,1.209616,1.05184,1.197714877834,1.197714877834,0.060632457539,,False,False
539,195.0,1.211916,1.05384,1.199714877834,1.199714877834,0.06296545376,,False,False
540,195.0,1.214216,1.05584,1.201714877834,1.201714877834,0.065215042952,,False,False
541,195.0,1.216516,1.05784,1.203714877834,1.203714877834,0.067389578477,,False,False
542,195.0,1.218816,1.05984,1.205714877834,1.205714877834,0.069496105986,,False,False
543,195.0,1.221116,1.06184,1.207714877834,1.207714877834,0.07154063326,,False,False
544,195.0,1.223416,1.06384,1.209714877834,1.209714877834,0.073528332412,,False,False
545,270.0,1.225716,1.06584,1.211714877834,1.211714877834,0.075463694101,,False,False
546,270.0,1.228016,1.06784,1.213714877834,1.213714877834,0.077350646974,,False,False
547,270.0,1.230316,1.06984,1.215714877834,1.215714877834,0.079192651473,,False,False
548,270.0,1.232616,1.07184,1.217714877834,1.217714877834,0.080992774415,,False,False
549,270.0,1.234916,1.07384,1.219714877834,1.219714877834,0.082753748963,,False,False
550,270.0,1.237216,1.07584,1.221714877834,1.221714877834,0.08447802334,,False,False
551,270.0,1.239516,1.07784,1.223714877834,1.223714877834,0.086167800758,,False,False
552,270.0,1.241816,1.07984,1.225714877834,1.284769219862,0.028389412989,1.291659824169,True,False
553,90.0,1.244116,1.08184,1.286769219862,1.286769219862,0.033080390413,,False,False
554,90.0,1.246416,1.08384,1.288769219862,1.288769219862,0.037184212912,,False,False
555,90.0,1.248716,1.08584,1.290769219862,1.290769219862,0.040878101104,,False,False
556,90.0,1.251016,1.08784,1.292769219862,1.292769219862,0.044264801026,,False,False
557,90.0,1.253316,1.08984,1.294769219862,1.294769219862,0.047410189516,,False,False
558,90.0,1.255616,1.09184,1.296769219862,1.296769219862,0.050359502876,,False,False
559,90.0,1.257916,1.09384,1.298769219862,1.298769219862,0.053145394814,,False,False
560,90.0,1.260216,1.09584,1.300769219862,1.300769219862,0.055792351178,,False,False
561,195.0,1.262516,1.09784,1.302769219862,1.302769219862,0.058319292777,,False,False
562,195.0,1.264816,1.09984,1.304769219862,1.304769219862,0.060741199939,,False,False
563,195.0,1.267116,1.10184,1.306769219862,1.306769219862,0.063070173854,,False,False
564,195.0,1.269416,1.10384,1.308769219862,1.308769219862,0.065316156424,,False,False
565,195.0,1.271716,1.10584,1.310769219862,1.310769219862,0.067487434016,,False,False
566,195.0,1.274016,1.10784,1.312769219862,1.312769219862,0.06959099949,,False,False
567,195.0,1.276316,1.10984,1.314769219862,1.314769219862,0.071632818387,,False,False
568,195.0,1.278616,1.11184,1.316769219862,1.316769219862,0.073618028567,,False,False
569,270.0,1.280916,1.11384,1.318769219862,1.318769219862,0.07555109258,,False,False
570,270.0,1.283216,1.11584,1.320769219862,1.320769219862,0.077435915763,,False,False
571,270.0,1.285516,1.11784,1.322769219862,1.322769219862,0.079275939037,,False,False
572,270.0,1.287816,1.11984,1.324769219862,1.324769219862,0.081074212732,,False,False
573,270.0,1.290116,1.12184,1.326769219862,1.326769219862,0.082833455983,,False,False
574,270.0,1.292416,1.12384,1.328769219862,1.328769219862,0.084556104985,,False,False
575,270.0,1.294716,1.12584,1.330769219862,1.330769219862,0.08624435257,,False,False
576,270.0,1.297016,1.12784,1.332769219862,1.330769219862,0.028391946975,1.311608036106,True,True
577,90.0,1.299316,1.12984,1.332769219862,1.332769219862,0.033082565091,,False,False
578,90.0,1.301616,1.13184,1.334769219862,1.334769219862,0.037186147596,,False,False
579,90.0,1.303916,1.13384,1.336769219862,1.336769219862,0.040879860971,,False,False
580,90.0,1.306216,1.13584,1.338769219862,1.338769219862,0.044266426251,,False,False
581,90.0,1.308516,1.13784,1.340769219862,1.340769219862,0.04741170692,,False,False
582,90.0,1.310816,1.13984,1.342769219862,1.342769219862,0.050360931416,,False,False
583,90.0,1.313116,1.14184,1.344769219862,1.344769219862,0.053146748472,,False,False
584,90.0,1.315416,1.14384,1.346769219862,1.346769219862,0.055793640615,,False,False
585,195.0,1.317716,1.14584,1.348769219862,1.348769219862,0.058320526345,,False,False
586,195.0,1.320016,1.14784,1.350769219862,1.350769219862,0.060742384322,,False,False
587,195.0,1.322316,1.14984,1.352769219862,1.352769219862,0.063071314503,,False,False
588,195.0,1.324616,1.15184,1.354769219862,1.354769219862,0.065317257851,,False,False
589,195.0,1.326916,1.15384,1.356769219862,1.356769219862,0.067488500007,,False,False
590,195.0,1.329216,1.15584,1.358769219862,1.358769219862,0.06959203326,,False,False
591,195.0,1.331516,1.15784,1.360769219862,1.360769219862,0.07163382269,,False,False
592,195.0,1.333816,1.15984,1.362769219862,1.362769219862,0.073619005788,,False,False
593,270.0,1.336116,1.16184,1.364769219862,1.364769219862,0.075552044799,,False,False
594,270.0,1.338416,1.16384,1.366769219862,1.366769219862,0.077436844804,,False,False
595,270.0,1.340716,1.16584,1.368769219862,1.368769219862,0.079276846515,,False,False
596,270.0,1.343016,1.16784,1.370769219862,1.370769219862,0.081075100082,,False,False
597,270.0,1.345316,1.16984,1.372769219862,1.372769219862,0.082834324488,,False,False
598,270.0,1.347616,1.17184,1.374769219862,1.374769219862,0.084556955795,,False,False
599,270.0,1.349916,1.17384,1.376769219862,1.376769219862,0.086245186726,,False,False
600,270.0,1.352216,1.17584,1.378769219862,1.376769219862,0.028391974555,1.303567964577,True,True
601,90.0,1.354516,1.17784,1.378769219862,1.378769219862,0.033082588761,,False,False
602,90.0,1.356816,1.17984,1.380769219862,1.380769219862,0.037186168654,,False,False
603,90.0,1.359116,1.18184,1.382769219862,1.382769219862,0.040879880127,,False,False
604,90.0,1.361416,1.18384,1.384769219862,1.384769219862,0.044266443941,,False,False
605,90.0,1.363716,1.18584,1.386769219862,1.386769219862,0.047411723436,,False,False
606,90.0,1.366016,1.18784,1.388769219862,1.388769219862,0.050360946965,,False,False
607,90.0,1.368316,1.18984,1.390769219862,1.390769219862,0.053146763206,,False,False
608,90.0,1.370616,1.19184,1.392769219862,1.392769219862,0.05579365465,,False,False
609,195.0,1.372916,1.19384,1.394769219862,1.394769219862,0.058320539772,,False,False
610,195.0,1.375216,1.19584,1.396769219862,1.396769219862,0.060742397214,,False,False
611,195.0,1.377516,1.19784,1.398769219862,1.398769219862,0.063071326919,,False,False
612,195.0,1.379816,1.19984,1.400769219862,1.400769219862,0.06531726984,,False,False
613,195.0,1.382116,1.20184,1.402769219862,1.402769219862,0.06748851161,,False,False
614,195.0,1.384416,1.20384,1.404769219862,1.404769219862,0.069592044512,,False,False
615,195.0,1.386716,1.20584,1.406769219862,1.406769219862,0.071633833622,,False,False
616,195.0,1.389016,1.20784,1.408769219862,1.408769219862,0.073619016425,,False,False
617,270.0,1.391316,1.20984,1.410769219862,1.410769219862,0.075552055163,,False,False
618,270.0,1.393616,1.21184,1.412769219862,1.412769219862,0.077436854917,,False,False
619,270.0,1.395916,1.21384,1.414769219862,1.414769219862,0.079276856392,,False,False
620,270.0,1.398216,1.21584,1.416769219862,1.416769219862,0.08107510974,,False,False
621,270.0,1.400516,1.21784,1.418769219862,1.418769219862,0.082834333941,,False,False
622,270.0,1.402816,1.21984,1.420769219862,1.420769219862,0.084556965056,,False,False
623,270.0,1.405116,1.22184,1.422769219862,1.422769219862,0.086245195805,,False,False
624,270.0,1.407416,1.22384,1.424769219862,1.422769219862,0.028391974855,1.370090985584,True,True
625,90.0,1.409716,1.22584,1.424769219862,1.424769219862,0.033082589019,,False,False
626,90.0,1.412016,1.22784,1.426769219862,1.426769219862,0.037186168883,,False,False
627,90.0,1.414316,1.22984,1.428769219862,1.428769219862,0.040879880335,,False,False
628,90.0,1.416616,1.23184,1.430769219862,1.430769219862,0.044266444134,,False,False
629,90.0,1.418916,1.23384,1.432769219862,1.432769219862,0.047411723616,,False,False
630,90.0,1.421216,1.23584,1.434769219862,1.434769219862,0.050360947134,,False,False
631,90.0,1.423516,1.23784,1.436769219862,1.436769219862,0.053146763366,,False,False
632,90.0,1.425816,1.23984,1.438769219862,1.438769219862,0.055793654803,,False,False
633,195.0,1.428116,1.24184,1.440769219862,1.440769219862,0.058320539918,,False,False
634,195.0,1.430416,1.24384,1.442769219862,1.442769219862,0.060742397354,,False,False
635,195.0,1.432716,1.24584,1.444769219862,1.444769219862,0.063071327054,,False,False
636,195.0,1.435016,1.24784,1.446769219862,1.446769219862,0.06531726997,,False,False
637,195.0,1.437316,1.24984,1.448769219862,1.448769219862,0.067488511736,,False,False
638,195.0,1.439616,1.25184,1.450769219862,1.450769219862,0.069592044634,,False,False
639,195.0,1.441916,1.25384,1.452769219862,1.452769219862,0.071633833741,,False,False
640,195.0,1.444216,1.25584,1.454769219862,1.454769219862,0.073619016541,,False,False
641,270.0,1.446516,1.25784,1.456769219862,1.456769219862,0.075552055276,,False,False
642,270.0,1.448816,1.25984,1.458769219862,1.458769219862,0.077436855027,,False,False
643,270.0,1.451116,1.26184,1.460769219862,1.460769219862,0.0792768565,,False,False
644,270.0,1.453416,1.26384,1.462769219862,1.462769219862,0.081075109846,,False,False
645,270.0,1.455716,1.26584,1.464769219862,1.464769219862,0.082834334044,,False,False
646,270.0,1.458016,1.26784,1.466769219862,1.466769219862,0.084556965157,,False,False
647,270.0,1.460316,1.26984,1.468769219862,1.468769219862,0.086245195904,,False,False
648,270.0,1.462616,1.27184,1.470769219862,1.468769219862,0.028391974858,1.438784414278,True,True
649,90.0,1.464916,1.27384,1.470769219862,1.470769219862,0.033082589022,,False,False
650,90.0,1.467216,1.27584,1.472769219862,1.472769219862,0.037186168886,,False,False
651,90.0,1.469516,1.27784,1.474769219862,1.474769219862,0.040879880337,,False,False
652,90.0,1.471816,1.27984,1.476769219862,1.476769219862,0.044266444136,,False,False
653,90.0,1.474116,1.28184,1.478769219862,1.478769219862,0.047411723618,,False,False
654,90.0,1.476416,1.28384,1.480769219862,1.480769219862,0.050360947136,,False,False
655,90.0,1.478716,1.28584,1.482769219862,1.482769219862,0.053146763368,,False,False
656,90.0,1.481016,1.28784,1.484769219862,1.484769219862,0.055793654805,,False,False
657,195.0,1.483316,1.28984,1.486769219862,1.486769219862,0.058320539919,,False,False
658,195.0,1.485616,1.29184,1.488769219862,1.488769219862,0.060742397356,,False,False
659,195.0,1.487916,1.29384,1.490769219862,1.490769219862,0.063071327055,,False,False
660,195.0,1.490216,1.29584,1.492769219862,1.492769219862,0.065317269972,,False,False
661,195.0,1.492516,1.29784,1.494769219862,1.494769219862,0.067488511738,,False,False
662,195.0,1.494816,1.29984,1.496769219862,1.496769219862,0.069592044636,,False,False
663,195.0,1.497116,1.30184,1.498769219862,1.498769219862,0.071633833742,,False,False
664,195.0,1.499416,1.30384,1.500769219862,1.500769219862,0.073619016542,,False,False
665,270.0,1.501716,1.30584,1.502769219862,1.502769219862,0.075552055277,,False,False
666,270.0,1.504016,1.30784,1.504769219862,1.504769219862,0.077436855028,,False,False
667,270.0,1.506316,1.30984,1.506769219862,1.506769219862,0.079276856501,,False,False
668,270.0,1.508616,1.31184,1.508769219862,1.508769219862,0.081075109847,,False,False
669,270.0,1.510916,1.31384,1.510769219862,1.510769219862,0.082834334045,,False,False
670,270.0,1.513216,1.31584,1.512769219862,1.512769219862,0.084556965158,,False,False
671,270.0,1.515516,1.31784,1.514769219862,1.514769219862,0.086245195905,,False,False
672,270.0,1.517816,1.31984,1.516769219862,1.542559926268,0.028391974858,1.545564051496,True,False
673,0.0,1.517816,1.31984,1.542559926268,1.542559926268,0.028742029093,,False,False
674,0.0,1.517816,1.31984,1.542559926268,1.542559926268,0.029087870949,,False,False
675,0.0,1.517816,1.31984,1.542559926268,1.542559926268,0.029429648934,,False,False
676,0.0,1.517816,1.31984,1.542559926268,1.542559926268,0.029767503025,,False,False
677,90.0,1.52237,1.3238,1.546519926268,1.546519926268,0.034270361778,,False,False
678,90.0,1.52467,1.3258,1.548519926268,1.548519926268,0.038246714321,,False,False
679,90.0,1.52697,1.3278,1.550519926268,1.550519926268,0.04184691884,,False,False
680,90.0,1.52927,1.3298,1.552519926268,1.552519926268,0.045161023864,,False,False
681,195.0,1.53157,1.3318,1.554519926268,1.554519926268,0.048248021062,,False,False
682,195.0,1.53387,1.3338,1.556519926268,1.556519926268,0.051149046877,,False,False
683,195.0,1.53617,1.3358,1.558519926268,1.558519926268,0.053894141207,,False,False
684,195.0,1.53847,1.3378,1.560519926268,1.560519926268,0.056506034337,,False,False
685,195.0,1.54077,1.3398,1.562519926268,1.562519926268,0.059002418395,,False,False
686,195.0,1.54307,1.3418,1.564519926268,1.564519926268,0.061397384606,,False,False
687,195.0,1.54537,1.3438,1.566519926268,1.566519926268,0.06370237277,,False,False
688,195.0,1.54767,1.3458,1.568519926268,1.568519926268,0.065926821223,,False,False
689,270.0,1.54997,1.3478,1.570519926268,1.570519926268,0.068078625255,,False,False
690,270.0,1.55227,1.3498,1.572519926268,1.572519926268,0.070164468761,,False,False
691,270.0,1.55457,1.3518,1.574519926268,1.574519926268,0.072190069515,,False,False
692,270.0,1.55687,1.3538,1.576519926268,1.576519926268,0.074160364054,,False,False
693,270.0,1.55917,1.3558,1.578519926268,1.578519926268,0.076079649425,,False,False
694,270.0,1.56147,1.3578,1.580519926268,1.580519926268,0.077951693481,,False,False
695,270.0,1.56377,1.3598,1.582519926268,1.582519926268,0.079779821864,,False,False
696,270.0,1.56607,1.3618,1.584519926268,1.582519926268,0.028155999486,1.536896595378,True,True
697,90.0,1.56837,1.3638,1.584519926268,1.584519926268,0.03288029451,,False,False
698,90.0,1.57067,1.3658,1.586519926268,1.586519926268,0.037006313341,,False,False
699,90.0,1.57297,1.3678,1.588519926268,1.588519926268,0.040716344226,,False,False
700,90.0,1.57527,1.3698,1.590519926268,1.590519926268,0.04411546381,,False,False
701,90.0,1.57757,1.3718,1.592519926268,1.592519926268,0.047270790211,,False,False
702,90.0,1.57987,1.3738,1.594519926268,1.594519926268,0.050228289511,,False,False
703,90.0,1.58217,1.3758,1.596519926268,1.596519926268,0.053021076254,,False,False
704,90.0,1.58447,1.3778,1.598519926268,1.598519926268,0.055673943521,,False,False
705,195.0,1.58677,1.3798,1.600519926268,1.600519926268,0.058206025867,,False,False
706,195.0,1.58907,1.3818,1.602519926268,1.602519926268,0.060632457539,,False,False
707,195.0,1.59137,1.3838,1.604519926268,1.604519926268,0.06296545376,,False,False
708,195.0,1.59367,1.3858,1.606519926268,1.606519926268,0.065215042952,,False,False
709,195.0,1.59597,1.3878,1.608519926268,1.608519926268,0.067389578477,,False,False
710,195.0,1.59827,1.3898,1.610519926268,1.610519926268,0.069496105986,,False,False
711,195.0,1.60057,1.3918,1.612519926268,1.612519926268,0.07154063326,,False,False
712,195.0,1.60287,1.3938,1.614519926268,1.614519926268,0.073528332412,,False,False
713,270.0,1.60517,1.3958,1.616519926268,1.616519926268,0.075463694101,,False,False
714,270.0,1.60747,1.3978,1.618519926268,1.618519926268,0.077350646974,,False,False
715,270.0,1.60977,1.3998,1.620519926268,1.620519926268,0.079192651473,,False,False
716,270.0,1.61207,1.4018,1.622519926268,1.622519926268,0.080992774415,,False,False
717,270.0,1.61437,1.4038,1.624519926268,1.624519926268,0.082753748963,,False,False
718,270.0,1.61667,1.4058,1.626519926268,1.626519926268,0.08447802334,,False,False
719,270.0,1.61897,1.4078,1.628519926268,1.628519926268,0.086167800758,,False,False
720,270.0,1.62127,1.4098,1.630519926268,1.629454287564,0.028389412989,1.629329946248,True,False
